trip_id,start_time,stop_time,bike_id,trip duration,from_station_id,from_station_name,to_station_id,to_station_name,user_type,gender,birthyear,from_lat,from_long,from_capacity,to_lat,to_long,to_capacity
4118,6/27/2013 12:11 GMT-0500,6/27/2013 12:16 GMT-0500,480,316,42,Michigan Ave & Oak St,282,Larrabee St & Menomonee St,Customer,,,41.90096039,-87.62377664,15,41.91468,-87.64332,15
4275,6/27/2013 14:44 GMT-0500,6/27/2013 14:45 GMT-0500,77,64,76,Racine Ave & Congress Pkwy,76,Racine Ave & Congress Pkwy,Customer,,,41.87464,-87.65703,19,41.87464,-87.65703,19
4291,6/27/2013 14:58 GMT-0500,6/27/2013 15:05 GMT-0500,77,433,76,Racine Ave & Congress Pkwy,139,Loomis St & Taylor St,Customer,,,41.87464,-87.65703,19,41.869417,-87.660996,15
4316,6/27/2013 15:06 GMT-0500,6/27/2013 15:09 GMT-0500,77,123,139,Loomis St & Taylor St,139,Loomis St & Taylor St,Customer,,,41.869417,-87.660996,15,41.869417,-87.660996,15
4342,6/27/2013 15:13 GMT-0500,6/27/2013 15:27 GMT-0500,77,852,139,Loomis St & Taylor St,166,Halsted St & James M Rochford St,Customer,,,41.869417,-87.660996,15,41.865861,-87.646611,15
4480,6/27/2013 19:40 GMT-0500,6/27/2013 22:28 GMT-0500,27,"10,105",209,Clark St & Wrightwood Ave,46,Wells St & Walton St,Customer,,,41.929546,-87.643118,15,41.89993001,-87.63443007,19
4490,6/27/2013 18:45 GMT-0500,6/27/2013 19:03 GMT-0500,418,"1,094",20,Dearborn St & Adams St,300,Lake Shore Dr & Monroe St,Customer,,,41.87935636,-87.62979104,19,41.88105,-87.61697,11
4592,6/27/2013 19:34 GMT-0500,6/27/2013 19:51 GMT-0500,170,"1,020",8,Millennium Park,138,Canal St & Jackson Blvd,Customer,,,41.8810317,-87.62408432,35,41.87811421,-87.63997112,35
4602,6/27/2013 19:45 GMT-0500,6/27/2013 20:42 GMT-0500,353,"3,419",20,Dearborn St & Adams St,20,Dearborn St & Adams St,Customer,,,41.87935636,-87.62979104,19,41.87935636,-87.62979104,19
4607,6/27/2013 19:46 GMT-0500,6/27/2013 19:57 GMT-0500,369,653,5,Clark St & Randolph St,209,Clark St & Wrightwood Ave,Customer,,,41.88457623,-87.63188991,31,41.929546,-87.643118,15
4617,6/27/2013 19:50 GMT-0500,6/27/2013 20:19 GMT-0500,658,"1,738",2,State St & Randolph St,2,State St & Randolph St,Customer,,,41.8847302,-87.62773357,27,41.8847302,-87.62773357,27
4619,6/27/2013 19:52 GMT-0500,6/27/2013 20:50 GMT-0500,533,"3,482",262,Fairbanks Ct & Grand Ave,262,Fairbanks Ct & Grand Ave,Customer,,,41.89186,-87.62062,15,41.89186,-87.62062,15
4644,6/27/2013 20:22 GMT-0500,6/27/2013 20:50 GMT-0500,522,"1,712",154,Sheffield Ave & Kingsbury St,46,Wells St & Walton St,Customer,,,41.90959193,-87.65349723,15,41.89993001,-87.63443007,19
4646,6/27/2013 20:22 GMT-0500,6/27/2013 20:39 GMT-0500,477,996,43,Michigan Ave & Lake St,43,Michigan Ave & Lake St,Customer,,,41.88605812,-87.62428934,23,41.88605812,-87.62428934,23
4647,6/27/2013 20:25 GMT-0500,6/27/2013 20:39 GMT-0500,525,818,43,Michigan Ave & Lake St,43,Michigan Ave & Lake St,Customer,,,41.88605812,-87.62428934,23,41.88605812,-87.62428934,23
4666,6/27/2013 20:33 GMT-0500,6/27/2013 21:22 GMT-0500,242,"2,936",2,State St & Randolph St,43,Michigan Ave & Lake St,Customer,,,41.8847302,-87.62773357,27,41.88605812,-87.62428934,23
4793,6/27/2013 21:39 GMT-0500,6/27/2013 21:51 GMT-0500,240,730,65,Damen Ave & Pierce Ave,290,Noble St & Milwaukee Ave,Customer,,,41.90939601,-87.67769193,19,41.90068,-87.6626,15
4863,6/27/2013 22:15 GMT-0500,6/27/2013 22:36 GMT-0500,381,"1,292",221,Wood St & Milwaukee Ave,246,Wood St & Division St,Customer,,,41.907655,-87.672552,15,41.90332,-87.67273,15
4865,6/27/2013 22:16 GMT-0500,6/27/2013 22:42 GMT-0500,343,"1,511",42,Michigan Ave & Oak St,42,Michigan Ave & Oak St,Customer,,,41.90096039,-87.62377664,15,41.90096039,-87.62377664,15
4866,6/27/2013 22:17 GMT-0500,6/27/2013 22:42 GMT-0500,220,"1,512",42,Michigan Ave & Oak St,42,Michigan Ave & Oak St,Customer,,,41.90096039,-87.62377664,15,41.90096039,-87.62377664,15
4867,6/27/2013 22:17 GMT-0500,6/27/2013 22:36 GMT-0500,157,"1,125",221,Wood St & Milwaukee Ave,246,Wood St & Division St,Customer,,,41.907655,-87.672552,15,41.90332,-87.67273,15
4869,6/27/2013 22:20 GMT-0500,6/27/2013 22:36 GMT-0500,239,964,221,Wood St & Milwaukee Ave,246,Wood St & Division St,Customer,,,41.907655,-87.672552,15,41.90332,-87.67273,15
4874,6/27/2013 22:23 GMT-0500,6/27/2013 22:39 GMT-0500,334,972,221,Wood St & Milwaukee Ave,223,Wood St & North Ave,Customer,,,41.907655,-87.672552,15,41.910329,-87.672516,15
4875,6/27/2013 22:23 GMT-0500,6/27/2013 22:39 GMT-0500,362,977,221,Wood St & Milwaukee Ave,223,Wood St & North Ave,Customer,,,41.907655,-87.672552,15,41.910329,-87.672516,15
4883,6/27/2013 22:26 GMT-0500,6/27/2013 23:04 GMT-0500,221,"2,272",42,Michigan Ave & Oak St,42,Michigan Ave & Oak St,Customer,,,41.90096039,-87.62377664,15,41.90096039,-87.62377664,15
4896,6/27/2013 22:33 GMT-0500,6/27/2013 23:05 GMT-0500,409,"1,911",42,Michigan Ave & Oak St,42,Michigan Ave & Oak St,Customer,,,41.90096039,-87.62377664,15,41.90096039,-87.62377664,15
4897,6/27/2013 22:35 GMT-0500,6/27/2013 23:04 GMT-0500,222,"1,758",42,Michigan Ave & Oak St,42,Michigan Ave & Oak St,Customer,,,41.90096039,-87.62377664,15,41.90096039,-87.62377664,15
4902,6/27/2013 22:41 GMT-0500,6/27/2013 22:53 GMT-0500,257,730,246,Wood St & Division St,221,Wood St & Milwaukee Ave,Customer,,,41.90332,-87.67273,15,41.907655,-87.672552,15
4943,6/27/2013 23:05 GMT-0500,6/27/2013 23:37 GMT-0500,325,"1,866",60,Sheffield Ave & Fullerton Ave,96,California Ave & 21st St,Customer,,,41.92560188,-87.65370804,15,41.854016,-87.695445,15
4946,6/27/2013 23:06 GMT-0500,6/27/2013 23:37 GMT-0500,530,"1,856",60,Sheffield Ave & Fullerton Ave,124,Cannon Dr & Fullerton Ave,Customer,,,41.92560188,-87.65370804,15,41.92675599,-87.63442878,15
4954,6/27/2013 23:07 GMT-0500,6/27/2013 23:26 GMT-0500,164,"1,117",221,Wood St & Milwaukee Ave,248,Ashland Ave & Augusta Blvd,Customer,,,41.907655,-87.672552,15,41.899643,-87.6677,15
4955,6/27/2013 23:09 GMT-0500,6/27/2013 23:26 GMT-0500,229,980,221,Wood St & Milwaukee Ave,248,Ashland Ave & Augusta Blvd,Customer,,,41.907655,-87.672552,15,41.899643,-87.6677,15
4972,6/27/2013 23:24 GMT-0500,6/27/2013 23:51 GMT-0500,176,"1,642",42,Michigan Ave & Oak St,42,Michigan Ave & Oak St,Customer,,,41.90096039,-87.62377664,15,41.90096039,-87.62377664,15
4986,6/27/2013 23:36 GMT-0500,6/28/2013 0:34 GMT-0500,221,"3,513",42,Michigan Ave & Oak St,42,Michigan Ave & Oak St,Customer,,,41.90096039,-87.62377664,15,41.90096039,-87.62377664,15
4989,6/27/2013 23:43 GMT-0500,6/28/2013 0:21 GMT-0500,159,"2,285",124,Cannon Dr & Fullerton Ave,124,Cannon Dr & Fullerton Ave,Customer,,,41.92675599,-87.63442878,15,41.92675599,-87.63442878,15
4991,6/27/2013 23:44 GMT-0500,6/27/2013 23:51 GMT-0500,306,423,76,Racine Ave & Congress Pkwy,164,Racine Ave & 18th St,Customer,,,41.87464,-87.65703,19,41.85818061,-87.65648665,15
5032,6/28/2013 0:04 GMT-0500,6/28/2013 0:37 GMT-0500,228,"1,995",38,Jefferson St & Monroe St,38,Jefferson St & Monroe St,Customer,,,41.880422,-87.642746,19,41.880422,-87.642746,19
5033,6/28/2013 0:04 GMT-0500,6/28/2013 0:37 GMT-0500,251,"1,977",38,Jefferson St & Monroe St,38,Jefferson St & Monroe St,Customer,,,41.880422,-87.642746,19,41.880422,-87.642746,19
5035,6/28/2013 0:08 GMT-0500,6/28/2013 0:24 GMT-0500,141,944,8,Millennium Park,8,Millennium Park,Customer,,,41.8810317,-87.62408432,35,41.8810317,-87.62408432,35
5036,6/28/2013 0:10 GMT-0500,6/28/2013 0:38 GMT-0500,632,"1,656",290,Noble St & Milwaukee Ave,290,Noble St & Milwaukee Ave,Customer,,,41.90068,-87.6626,15,41.90068,-87.6626,15
5070,6/28/2013 0:23 GMT-0500,6/28/2013 0:36 GMT-0500,531,736,237,Lincoln Ave & Eastwood Ave,60,Sheffield Ave & Fullerton Ave,Customer,,,41.96583,-87.68651,15,41.92560188,-87.65370804,15
5100,6/28/2013 0:46 GMT-0500,6/28/2013 0:49 GMT-0500,411,223,58,Dayton St & North Ave,154,Sheffield Ave & Kingsbury St,Customer,,,41.91057803,-87.64942193,19,41.90959193,-87.65349723,15
5125,6/28/2013 1:24 GMT-0500,6/28/2013 1:44 GMT-0500,460,"1,196",65,Damen Ave & Pierce Ave,2,State St & Randolph St,Customer,,,41.90939601,-87.67769193,19,41.8847302,-87.62773357,27
5127,6/28/2013 2:08 GMT-0500,6/28/2013 2:24 GMT-0500,592,915,20,Dearborn St & Adams St,20,Dearborn St & Adams St,Customer,,,41.87935636,-87.62979104,19,41.87935636,-87.62979104,19
5128,6/28/2013 2:29 GMT-0500,6/28/2013 18:03 GMT-0500,150,"56,023",65,Damen Ave & Pierce Ave,65,Damen Ave & Pierce Ave,Customer,,,41.90939601,-87.67769193,19,41.90939601,-87.67769193,19
5130,6/28/2013 3:26 GMT-0500,6/28/2013 4:11 GMT-0500,525,"2,681",43,Michigan Ave & Lake St,43,Michigan Ave & Lake St,Customer,,,41.88605812,-87.62428934,23,41.88605812,-87.62428934,23
5131,6/28/2013 3:30 GMT-0500,6/28/2013 4:11 GMT-0500,242,"2,433",43,Michigan Ave & Lake St,43,Michigan Ave & Lake St,Customer,,,41.88605812,-87.62428934,23,41.88605812,-87.62428934,23
5132,6/28/2013 5:11 GMT-0500,6/28/2013 5:26 GMT-0500,233,951,148,State St & 16th St,420,Martin Luther King Dr & Oakwood Blvd,Customer,,,41.86012138,-87.62772919,15,41.82256,-87.61615,15
5133,6/28/2013 5:48 GMT-0500,6/28/2013 6:02 GMT-0500,592,857,20,Dearborn St & Adams St,8,Millennium Park,Customer,,,41.87935636,-87.62979104,19,41.8810317,-87.62408432,35
5136,6/28/2013 5:55 GMT-0500,6/28/2013 6:23 GMT-0500,418,"1,645",300,Lake Shore Dr & Monroe St,300,Lake Shore Dr & Monroe St,Customer,,,41.88105,-87.61697,11,41.88105,-87.61697,11
5137,6/28/2013 6:01 GMT-0500,6/28/2013 6:22 GMT-0500,269,"1,285",221,Wood St & Milwaukee Ave,262,Fairbanks Ct & Grand Ave,Customer,,,41.907655,-87.672552,15,41.89186,-87.62062,15
5140,6/28/2013 6:28 GMT-0500,6/28/2013 6:35 GMT-0500,848,406,170,Wabash Ave & Cermak Rd,31,Wabash Ave & Roosevelt Rd,Customer,,,41.85323876,-87.62533709,15,41.867173,-87.62595501,19
5173,6/28/2013 7:13 GMT-0500,6/28/2013 7:35 GMT-0500,173,"1,336",51,McClurg Ct & Illinois St,19,Franklin St & Jackson Blvd,Customer,,,41.89102,-87.6173,23,41.87770796,-87.63532114,27
5199,6/28/2013 7:37 GMT-0500,6/28/2013 7:48 GMT-0500,401,668,10,Clinton St & Washington Blvd,43,Michigan Ave & Lake St,Customer,,,41.88338,-87.64117,31,41.88605812,-87.62428934,23
5248,6/28/2013 8:17 GMT-0500,6/28/2013 9:04 GMT-0500,343,"2,789",42,Michigan Ave & Oak St,300,Lake Shore Dr & Monroe St,Customer,,,41.90096039,-87.62377664,15,41.88105,-87.61697,11
5250,6/28/2013 8:18 GMT-0500,6/28/2013 9:21 GMT-0500,225,"3,760",51,McClurg Ct & Illinois St,40,Michigan Ave & Congress Pkwy,Customer,,,41.89102,-87.6173,23,41.8760656,-87.62443336,15
5251,6/28/2013 8:19 GMT-0500,6/28/2013 8:45 GMT-0500,212,"1,593",248,Ashland Ave & Augusta Blvd,5,Clark St & Randolph St,Customer,,,41.899643,-87.6677,15,41.88457623,-87.63188991,31
5252,6/28/2013 8:21 GMT-0500,6/28/2013 8:33 GMT-0500,236,746,10,Clinton St & Washington Blvd,265,Kingsbury St & Erie St,Customer,,,41.88338,-87.64117,31,41.89384315,-87.64185116,23
5255,6/28/2013 8:23 GMT-0500,6/28/2013 8:46 GMT-0500,401,"1,368",43,Michigan Ave & Lake St,43,Michigan Ave & Lake St,Customer,,,41.88605812,-87.62428934,23,41.88605812,-87.62428934,23
5256,6/28/2013 8:25 GMT-0500,6/28/2013 8:42 GMT-0500,314,"1,057",290,Noble St & Milwaukee Ave,301,Clinton St & Madison St,Customer,,,41.90068,-87.6626,15,41.8815824,-87.64127743,23
5260,6/28/2013 8:28 GMT-0500,6/28/2013 11:38 GMT-0500,242,"11,437",43,Michigan Ave & Lake St,247,Ashland Ave & Chicago Ave,Customer,,,41.88605812,-87.62428934,23,41.895966,-87.667747,15
5262,6/28/2013 8:30 GMT-0500,6/28/2013 11:38 GMT-0500,322,"11,321",43,Michigan Ave & Lake St,51,McClurg Ct & Illinois St,Customer,,,41.88605812,-87.62428934,23,41.89102,-87.6173,23
5284,6/28/2013 8:42 GMT-0500,6/28/2013 10:12 GMT-0500,172,"5,377",51,McClurg Ct & Illinois St,106,McCormick Place,Customer,,,41.89102,-87.6173,23,41.85137517,-87.61883465,15
5293,6/28/2013 8:49 GMT-0500,6/28/2013 9:20 GMT-0500,708,"1,895",17,Franklin St & Chicago Ave,2,State St & Randolph St,Customer,,,41.89680204,-87.63563839,23,41.8847302,-87.62773357,27
5294,6/28/2013 8:49 GMT-0500,6/28/2013 9:07 GMT-0500,470,"1,106",10,Clinton St & Washington Blvd,139,Loomis St & Taylor St,Customer,,,41.88338,-87.64117,31,41.869417,-87.660996,15
5305,6/28/2013 8:53 GMT-0500,6/28/2013 9:09 GMT-0500,335,"1,007",17,Franklin St & Chicago Ave,138,Canal St & Jackson Blvd,Customer,,,41.89680204,-87.63563839,23,41.87811421,-87.63997112,35
5312,6/28/2013 8:54 GMT-0500,6/28/2013 9:17 GMT-0500,51,"1,360",138,Canal St & Jackson Blvd,17,Franklin St & Chicago Ave,Customer,,,41.87811421,-87.63997112,35,41.89680204,-87.63563839,23
5313,6/28/2013 8:55 GMT-0500,6/28/2013 9:14 GMT-0500,168,"1,196",139,Loomis St & Taylor St,12,Larrabee St & Kingsbury St,Customer,,,41.869417,-87.660996,15,41.897764,-87.642884,27
5314,6/28/2013 8:55 GMT-0500,6/28/2013 9:30 GMT-0500,154,"2,063",40,Michigan Ave & Congress Pkwy,40,Michigan Ave & Congress Pkwy,Customer,,,41.8760656,-87.62443336,15,41.8760656,-87.62443336,15
5319,6/28/2013 8:57 GMT-0500,6/28/2013 9:08 GMT-0500,236,646,265,Kingsbury St & Erie St,301,Clinton St & Madison St,Customer,,,41.89384315,-87.64185116,23,41.8815824,-87.64127743,23
5327,6/28/2013 9:05 GMT-0500,6/28/2013 9:15 GMT-0500,524,594,174,Larrabee St & North Ave,44,Ogden Ave & Chicago Ave,Customer,,,41.91021,-87.6435,19,41.89636246,-87.65406127,19
5335,6/28/2013 9:14 GMT-0500,6/28/2013 9:41 GMT-0500,227,"1,670",51,McClurg Ct & Illinois St,51,McClurg Ct & Illinois St,Customer,,,41.89102,-87.6173,23,41.89102,-87.6173,23
5346,6/28/2013 9:26 GMT-0500,6/28/2013 14:25 GMT-0500,118,"17,898",265,Kingsbury St & Erie St,155,May St & Randolph St,Customer,,,41.89384315,-87.64185116,23,41.88397,-87.655688,15
5353,6/28/2013 9:35 GMT-0500,6/28/2013 9:50 GMT-0500,226,896,262,Fairbanks Ct & Grand Ave,34,Michigan Ave & Pearson St,Customer,,,41.89186,-87.62062,15,41.89766,-87.62351,23
5354,6/28/2013 9:36 GMT-0500,6/28/2013 10:01 GMT-0500,308,"1,498",12,Larrabee St & Kingsbury St,21,Clinton St & Lake St,Customer,,,41.897764,-87.642884,27,41.88583274,-87.64138231,19
5355,6/28/2013 9:37 GMT-0500,6/28/2013 10:02 GMT-0500,772,"1,465",12,Larrabee St & Kingsbury St,21,Clinton St & Lake St,Customer,,,41.897764,-87.642884,27,41.88583274,-87.64138231,19
5357,6/28/2013 9:40 GMT-0500,6/28/2013 10:07 GMT-0500,286,"1,637",5,Clark St & Randolph St,65,Damen Ave & Pierce Ave,Customer,,,41.88457623,-87.63188991,31,41.90939601,-87.67769193,19
5363,6/28/2013 9:43 GMT-0500,6/28/2013 9:56 GMT-0500,466,812,76,Racine Ave & Congress Pkwy,19,Franklin St & Jackson Blvd,Customer,,,41.87464,-87.65703,19,41.87770796,-87.63532114,27
5370,6/28/2013 9:47 GMT-0500,6/28/2013 10:17 GMT-0500,527,"1,787",155,May St & Randolph St,106,McCormick Place,Customer,,,41.88397,-87.655688,15,41.85137517,-87.61883465,15
5372,6/28/2013 9:47 GMT-0500,6/28/2013 10:42 GMT-0500,221,"3,270",42,Michigan Ave & Oak St,42,Michigan Ave & Oak St,Customer,,,41.90096039,-87.62377664,15,41.90096039,-87.62377664,15
5374,6/28/2013 9:48 GMT-0500,6/28/2013 10:15 GMT-0500,407,"1,638",44,Ogden Ave & Chicago Ave,60,Sheffield Ave & Fullerton Ave,Customer,,,41.89636246,-87.65406127,19,41.92560188,-87.65370804,15
5378,6/28/2013 9:49 GMT-0500,6/28/2013 10:18 GMT-0500,465,"1,709",431,Adler Planetarium,247,Ashland Ave & Chicago Ave,Customer,,,41.866095,-87.607267,19,41.895966,-87.667747,15
5380,6/28/2013 9:51 GMT-0500,6/28/2013 11:08 GMT-0500,229,"4,588",248,Ashland Ave & Augusta Blvd,300,Lake Shore Dr & Monroe St,Customer,,,41.899643,-87.6677,15,41.88105,-87.61697,11
5381,6/28/2013 9:56 GMT-0500,6/28/2013 11:08 GMT-0500,211,"4,315",248,Ashland Ave & Augusta Blvd,300,Lake Shore Dr & Monroe St,Customer,,,41.899643,-87.6677,15,41.88105,-87.61697,11
5383,6/28/2013 10:00 GMT-0500,6/28/2013 10:24 GMT-0500,449,"1,415",131,Lincoln Ave & Fullerton Ave,131,Lincoln Ave & Fullerton Ave,Customer,,,41.925905,-87.64926,15,41.925905,-87.64926,15
5384,6/28/2013 10:01 GMT-0500,6/28/2013 11:00 GMT-0500,654,"3,514",272,Franklin St & Lake St,8,Millennium Park,Customer,,,41.885837,-87.6355,23,41.8810317,-87.62408432,35
5393,6/28/2013 10:04 GMT-0500,6/28/2013 11:27 GMT-0500,281,"4,988",413,Halsted St & 35th St,42,Michigan Ave & Oak St,Customer,,,41.830661,-87.647172,15,41.90096039,-87.62377664,15
5403,6/28/2013 10:11 GMT-0500,6/28/2013 10:33 GMT-0500,409,"1,298",247,Ashland Ave & Chicago Ave,262,Fairbanks Ct & Grand Ave,Customer,,,41.895966,-87.667747,15,41.89186,-87.62062,15
5406,6/28/2013 10:15 GMT-0500,6/28/2013 10:20 GMT-0500,526,329,139,Loomis St & Taylor St,160,May St & Taylor St,Customer,,,41.869417,-87.660996,15,41.8694821,-87.6554864,15
5408,6/28/2013 10:17 GMT-0500,6/28/2013 10:49 GMT-0500,222,"1,912",42,Michigan Ave & Oak St,300,Lake Shore Dr & Monroe St,Customer,,,41.90096039,-87.62377664,15,41.88105,-87.61697,11
5409,6/28/2013 10:18 GMT-0500,6/28/2013 10:42 GMT-0500,57,"1,409",20,Dearborn St & Adams St,20,Dearborn St & Adams St,Customer,,,41.87935636,-87.62979104,19,41.87935636,-87.62979104,19
5410,6/28/2013 10:19 GMT-0500,6/28/2013 10:32 GMT-0500,511,780,38,Jefferson St & Monroe St,262,Fairbanks Ct & Grand Ave,Customer,,,41.880422,-87.642746,19,41.89186,-87.62062,15
5412,6/28/2013 10:21 GMT-0500,6/28/2013 10:34 GMT-0500,38,747,34,Michigan Ave & Pearson St,43,Michigan Ave & Lake St,Customer,,,41.89766,-87.62351,23,41.88605812,-87.62428934,23
5417,6/28/2013 10:25 GMT-0500,6/28/2013 11:00 GMT-0500,253,"2,140",148,State St & 16th St,148,State St & 16th St,Customer,,,41.86012138,-87.62772919,15,41.86012138,-87.62772919,15
5419,6/28/2013 10:29 GMT-0500,6/28/2013 11:27 GMT-0500,909,"3,472",262,Fairbanks Ct & Grand Ave,262,Fairbanks Ct & Grand Ave,Customer,,,41.89186,-87.62062,15,41.89186,-87.62062,15
5421,6/28/2013 10:31 GMT-0500,6/28/2013 10:56 GMT-0500,333,"1,525",157,Aberdeen St & Jackson Blvd,40,Michigan Ave & Congress Pkwy,Customer,,,41.87772613,-87.65478743,15,41.8760656,-87.62443336,15
5423,6/28/2013 10:34 GMT-0500,6/28/2013 11:05 GMT-0500,44,"1,852",34,Michigan Ave & Pearson St,51,McClurg Ct & Illinois St,Customer,,,41.89766,-87.62351,23,41.89102,-87.6173,23
5433,6/28/2013 10:43 GMT-0500,6/28/2013 11:03 GMT-0500,218,"1,214",34,Michigan Ave & Pearson St,2,State St & Randolph St,Customer,,,41.89766,-87.62351,23,41.8847302,-87.62773357,27
5443,6/28/2013 10:54 GMT-0500,6/28/2013 11:20 GMT-0500,98,"1,573",282,Larrabee St & Menomonee St,42,Michigan Ave & Oak St,Customer,,,41.91468,-87.64332,15,41.90096039,-87.62377664,15
5455,6/28/2013 11:02 GMT-0500,6/28/2013 15:04 GMT-0500,471,"14,517",166,Halsted St & James M Rochford St,163,Morgan St & 18th St,Customer,,,41.865861,-87.646611,15,41.858086,-87.651073,15
5462,6/28/2013 11:05 GMT-0500,6/28/2013 11:20 GMT-0500,312,898,290,Noble St & Milwaukee Ave,17,Franklin St & Chicago Ave,Customer,,,41.90068,-87.6626,15,41.89680204,-87.63563839,23
5463,6/28/2013 11:05 GMT-0500,6/28/2013 11:41 GMT-0500,206,"2,178",396,Greenwood Ave & 47th St,8,Millennium Park,Customer,,,41.809835,-87.599383,15,41.8810317,-87.62408432,35
5466,6/28/2013 11:05 GMT-0500,6/28/2013 11:41 GMT-0500,160,"2,130",10,Clinton St & Washington Blvd,8,Millennium Park,Customer,,,41.88338,-87.64117,31,41.8810317,-87.62408432,35
5468,6/28/2013 11:07 GMT-0500,6/28/2013 11:32 GMT-0500,25,"1,529",124,Cannon Dr & Fullerton Ave,146,Lincoln Ave & Armitage Ave,Customer,,,41.92675599,-87.63442878,15,41.918273,-87.638116,19
5470,6/28/2013 11:07 GMT-0500,6/28/2013 11:32 GMT-0500,272,"1,502",237,Lincoln Ave & Eastwood Ave,146,Lincoln Ave & Armitage Ave,Customer,,,41.96583,-87.68651,15,41.918273,-87.638116,19
5471,6/28/2013 11:07 GMT-0500,6/28/2013 11:16 GMT-0500,407,544,60,Sheffield Ave & Fullerton Ave,60,Sheffield Ave & Fullerton Ave,Customer,,,41.92560188,-87.65370804,15,41.92560188,-87.65370804,15
5477,6/28/2013 11:14 GMT-0500,6/28/2013 13:54 GMT-0500,375,"9,614",31,Wabash Ave & Roosevelt Rd,388,Montrose Harbor,Customer,,,41.867173,-87.62595501,19,41.963982,-87.638181,15
5486,6/28/2013 11:18 GMT-0500,6/28/2013 13:54 GMT-0500,403,"9,396",31,Wabash Ave & Roosevelt Rd,27,Halsted St & Polk St,Customer,,,41.867173,-87.62595501,19,41.87184,-87.64664,19
5499,6/28/2013 11:20 GMT-0500,6/28/2013 11:36 GMT-0500,282,999,262,Fairbanks Ct & Grand Ave,12,Larrabee St & Kingsbury St,Customer,,,41.89186,-87.62062,15,41.897764,-87.642884,27
5503,6/28/2013 11:21 GMT-0500,6/28/2013 11:36 GMT-0500,280,945,273,Pine Grove Ave & Addison St,12,Larrabee St & Kingsbury St,Customer,,,41.947836,-87.645416,15,41.897764,-87.642884,27
5510,6/28/2013 11:23 GMT-0500,6/28/2013 11:46 GMT-0500,98,"1,406",42,Michigan Ave & Oak St,42,Michigan Ave & Oak St,Customer,,,41.90096039,-87.62377664,15,41.90096039,-87.62377664,15
5518,6/28/2013 11:25 GMT-0500,6/28/2013 11:48 GMT-0500,401,"1,365",43,Michigan Ave & Lake St,43,Michigan Ave & Lake St,Customer,,,41.88605812,-87.62428934,23,41.88605812,-87.62428934,23
5534,6/28/2013 11:29 GMT-0500,6/28/2013 11:46 GMT-0500,372,"1,021",58,Dayton St & North Ave,58,Dayton St & North Ave,Customer,,,41.91057803,-87.64942193,19,41.91057803,-87.64942193,19
5552,6/28/2013 11:35 GMT-0500,6/28/2013 11:55 GMT-0500,116,"1,204",265,Kingsbury St & Erie St,5,Clark St & Randolph St,Customer,,,41.89384315,-87.64185116,23,41.88457623,-87.63188991,31
5566,6/28/2013 11:38 GMT-0500,6/28/2013 12:03 GMT-0500,192,"1,521",248,Ashland Ave & Augusta Blvd,5,Clark St & Randolph St,Customer,,,41.899643,-87.6677,15,41.88457623,-87.63188991,31
5567,6/28/2013 11:39 GMT-0500,6/28/2013 12:07 GMT-0500,173,"1,706",19,Franklin St & Jackson Blvd,20,Dearborn St & Adams St,Customer,,,41.87770796,-87.63532114,27,41.87935636,-87.62979104,19
5574,6/28/2013 11:41 GMT-0500,6/28/2013 11:53 GMT-0500,95,747,21,Clinton St & Lake St,155,May St & Randolph St,Customer,,,41.88583274,-87.64138231,19,41.88397,-87.655688,15
5584,6/28/2013 11:46 GMT-0500,6/28/2013 12:06 GMT-0500,207,"1,185",160,May St & Taylor St,40,Michigan Ave & Congress Pkwy,Customer,,,41.8694821,-87.6554864,15,41.8760656,-87.62443336,15
5589,6/28/2013 11:48 GMT-0500,6/28/2013 12:07 GMT-0500,309,"1,131",19,Franklin St & Jackson Blvd,51,McClurg Ct & Illinois St,Customer,,,41.87770796,-87.63532114,27,41.89102,-87.6173,23
5590,6/28/2013 11:49 GMT-0500,6/28/2013 12:12 GMT-0500,193,"1,381",248,Ashland Ave & Augusta Blvd,8,Millennium Park,Customer,,,41.899643,-87.6677,15,41.8810317,-87.62408432,35
5599,6/28/2013 11:54 GMT-0500,6/28/2013 12:00 GMT-0500,174,351,21,Clinton St & Lake St,10,Clinton St & Washington Blvd,Customer,,,41.88583274,-87.64138231,19,41.88338,-87.64117,31
5612,6/28/2013 11:56 GMT-0500,6/28/2013 12:08 GMT-0500,102,694,17,Franklin St & Chicago Ave,46,Wells St & Walton St,Customer,,,41.89680204,-87.63563839,23,41.89993001,-87.63443007,19
5614,6/28/2013 11:56 GMT-0500,6/28/2013 12:08 GMT-0500,656,671,17,Franklin St & Chicago Ave,46,Wells St & Walton St,Customer,,,41.89680204,-87.63563839,23,41.89993001,-87.63443007,19
5624,6/28/2013 11:58 GMT-0500,6/28/2013 12:19 GMT-0500,239,"1,304",246,Wood St & Division St,146,Lincoln Ave & Armitage Ave,Customer,,,41.90332,-87.67273,15,41.918273,-87.638116,19
5625,6/28/2013 11:58 GMT-0500,6/28/2013 12:19 GMT-0500,175,"1,296",246,Wood St & Division St,146,Lincoln Ave & Armitage Ave,Customer,,,41.90332,-87.67273,15,41.918273,-87.638116,19
5652,6/28/2013 12:03 GMT-0500,6/28/2013 12:11 GMT-0500,898,507,106,McCormick Place,170,Wabash Ave & Cermak Rd,Customer,,,41.85137517,-87.61883465,15,41.85323876,-87.62533709,15
5654,6/28/2013 12:03 GMT-0500,6/28/2013 12:12 GMT-0500,834,547,106,McCormick Place,170,Wabash Ave & Cermak Rd,Customer,,,41.85137517,-87.61883465,15,41.85323876,-87.62533709,15
5661,6/28/2013 12:04 GMT-0500,6/28/2013 14:50 GMT-0500,511,"10,004",51,McClurg Ct & Illinois St,262,Fairbanks Ct & Grand Ave,Customer,,,41.89102,-87.6173,23,41.89186,-87.62062,15
5664,6/28/2013 12:04 GMT-0500,6/28/2013 14:50 GMT-0500,337,"9,966",51,McClurg Ct & Illinois St,262,Fairbanks Ct & Grand Ave,Customer,,,41.89102,-87.6173,23,41.89186,-87.62062,15
5679,6/28/2013 12:06 GMT-0500,6/28/2013 12:32 GMT-0500,255,"1,560",8,Millennium Park,262,Fairbanks Ct & Grand Ave,Customer,,,41.8810317,-87.62408432,35,41.89186,-87.62062,15
5682,6/28/2013 12:07 GMT-0500,6/28/2013 12:58 GMT-0500,418,"3,031",300,Lake Shore Dr & Monroe St,300,Lake Shore Dr & Monroe St,Customer,,,41.88105,-87.61697,11,41.88105,-87.61697,11
5685,6/28/2013 12:07 GMT-0500,6/28/2013 12:57 GMT-0500,343,"3,001",300,Lake Shore Dr & Monroe St,300,Lake Shore Dr & Monroe St,Customer,,,41.88105,-87.61697,11,41.88105,-87.61697,11
5690,6/28/2013 12:08 GMT-0500,6/28/2013 12:24 GMT-0500,217,931,2,State St & Randolph St,5,Clark St & Randolph St,Customer,,,41.8847302,-87.62773357,27,41.88457623,-87.63188991,31
5697,6/28/2013 12:11 GMT-0500,6/28/2013 12:48 GMT-0500,64,"2,211",8,Millennium Park,51,McClurg Ct & Illinois St,Customer,,,41.8810317,-87.62408432,35,41.89102,-87.6173,23
5699,6/28/2013 12:11 GMT-0500,6/28/2013 12:21 GMT-0500,159,590,58,Dayton St & North Ave,58,Dayton St & North Ave,Customer,,,41.91057803,-87.64942193,19,41.91057803,-87.64942193,19
5702,6/28/2013 12:13 GMT-0500,6/28/2013 14:48 GMT-0500,448,"9,307",300,Lake Shore Dr & Monroe St,60,Sheffield Ave & Fullerton Ave,Customer,,,41.88105,-87.61697,11,41.92560188,-87.65370804,15
5703,6/28/2013 12:13 GMT-0500,6/28/2013 14:47 GMT-0500,503,"9,250",300,Lake Shore Dr & Monroe St,60,Sheffield Ave & Fullerton Ave,Customer,,,41.88105,-87.61697,11,41.92560188,-87.65370804,15
5704,6/28/2013 12:14 GMT-0500,6/28/2013 12:48 GMT-0500,63,"2,056",8,Millennium Park,237,Lincoln Ave & Eastwood Ave,Customer,,,41.8810317,-87.62408432,35,41.96583,-87.68651,15
5705,6/28/2013 12:14 GMT-0500,6/28/2013 12:29 GMT-0500,615,920,12,Larrabee St & Kingsbury St,38,Jefferson St & Monroe St,Customer,,,41.897764,-87.642884,27,41.880422,-87.642746,19
5706,6/28/2013 12:14 GMT-0500,6/28/2013 12:48 GMT-0500,65,"2,035",8,Millennium Park,51,McClurg Ct & Illinois St,Customer,,,41.8810317,-87.62408432,35,41.89102,-87.6173,23
5708,6/28/2013 12:16 GMT-0500,6/28/2013 13:11 GMT-0500,58,"3,256",8,Millennium Park,8,Millennium Park,Customer,,,41.8810317,-87.62408432,35,41.8810317,-87.62408432,35
5712,6/28/2013 12:17 GMT-0500,6/28/2013 13:10 GMT-0500,62,"3,202",8,Millennium Park,8,Millennium Park,Customer,,,41.8810317,-87.62408432,35,41.8810317,-87.62408432,35
5713,6/28/2013 12:18 GMT-0500,6/28/2013 12:52 GMT-0500,379,"2,040",43,Michigan Ave & Lake St,300,Lake Shore Dr & Monroe St,Customer,,,41.88605812,-87.62428934,23,41.88105,-87.61697,11
5716,6/28/2013 12:18 GMT-0500,6/28/2013 12:41 GMT-0500,401,"1,374",43,Michigan Ave & Lake St,131,Lincoln Ave & Fullerton Ave,Customer,,,41.88605812,-87.62428934,23,41.925905,-87.64926,15
5746,6/28/2013 12:26 GMT-0500,6/28/2013 12:50 GMT-0500,437,"1,440",8,Millennium Park,42,Michigan Ave & Oak St,Customer,,,41.8810317,-87.62408432,35,41.90096039,-87.62377664,15
5782,6/28/2013 12:35 GMT-0500,6/28/2013 12:56 GMT-0500,307,"1,309",40,Michigan Ave & Congress Pkwy,157,Aberdeen St & Jackson Blvd,Customer,,,41.8760656,-87.62443336,15,41.87772613,-87.65478743,15
5783,6/28/2013 12:35 GMT-0500,6/28/2013 12:46 GMT-0500,57,659,20,Dearborn St & Adams St,30,State St & Harrison St,Customer,,,41.87935636,-87.62979104,19,41.87395806,-87.62773949,19
5802,6/28/2013 12:37 GMT-0500,6/28/2013 14:29 GMT-0500,842,"6,749",170,Wabash Ave & Cermak Rd,31,Wabash Ave & Roosevelt Rd,Customer,,,41.85323876,-87.62533709,15,41.867173,-87.62595501,19
5805,6/28/2013 12:37 GMT-0500,6/28/2013 12:56 GMT-0500,141,"1,137",8,Millennium Park,12,Larrabee St & Kingsbury St,Customer,,,41.8810317,-87.62408432,35,41.897764,-87.642884,27
5806,6/28/2013 12:37 GMT-0500,6/28/2013 13:16 GMT-0500,599,"2,349",40,Michigan Ave & Congress Pkwy,31,Wabash Ave & Roosevelt Rd,Customer,,,41.8760656,-87.62443336,15,41.867173,-87.62595501,19
5807,6/28/2013 12:37 GMT-0500,6/28/2013 13:03 GMT-0500,139,"1,557",8,Millennium Park,265,Kingsbury St & Erie St,Customer,,,41.8810317,-87.62408432,35,41.89384315,-87.64185116,23
5808,6/28/2013 12:38 GMT-0500,6/28/2013 13:16 GMT-0500,154,"2,334",40,Michigan Ave & Congress Pkwy,31,Wabash Ave & Roosevelt Rd,Customer,,,41.8760656,-87.62443336,15,41.867173,-87.62595501,19
5810,6/28/2013 12:38 GMT-0500,6/28/2013 12:53 GMT-0500,116,893,5,Clark St & Randolph St,12,Larrabee St & Kingsbury St,Customer,,,41.88457623,-87.63188991,31,41.897764,-87.642884,27
5822,6/28/2013 12:40 GMT-0500,6/28/2013 13:28 GMT-0500,140,"2,882",8,Millennium Park,8,Millennium Park,Customer,,,41.8810317,-87.62408432,35,41.8810317,-87.62408432,35
5823,6/28/2013 12:41 GMT-0500,6/28/2013 12:58 GMT-0500,225,"1,014",40,Michigan Ave & Congress Pkwy,157,Aberdeen St & Jackson Blvd,Customer,,,41.8760656,-87.62443336,15,41.87772613,-87.65478743,15
5824,6/28/2013 12:41 GMT-0500,6/28/2013 13:18 GMT-0500,80,"2,244",8,Millennium Park,248,Ashland Ave & Augusta Blvd,Customer,,,41.8810317,-87.62408432,35,41.899643,-87.6677,15
5826,6/28/2013 12:41 GMT-0500,6/28/2013 13:18 GMT-0500,628,"2,219",8,Millennium Park,248,Ashland Ave & Augusta Blvd,Customer,,,41.8810317,-87.62408432,35,41.899643,-87.6677,15
5840,6/28/2013 12:43 GMT-0500,6/28/2013 13:13 GMT-0500,98,"1,761",42,Michigan Ave & Oak St,51,McClurg Ct & Illinois St,Customer,,,41.90096039,-87.62377664,15,41.89102,-87.6173,23
5850,6/28/2013 12:47 GMT-0500,6/28/2013 12:51 GMT-0500,380,196,65,Damen Ave & Pierce Ave,65,Damen Ave & Pierce Ave,Customer,,,41.90939601,-87.67769193,19,41.90939601,-87.67769193,19
5853,6/28/2013 12:48 GMT-0500,6/28/2013 15:13 GMT-0500,463,"8,681",8,Millennium Park,413,Halsted St & 35th St,Customer,,,41.8810317,-87.62408432,35,41.830661,-87.647172,15
5857,6/28/2013 12:49 GMT-0500,6/28/2013 12:56 GMT-0500,495,430,301,Clinton St & Madison St,301,Clinton St & Madison St,Customer,,,41.8815824,-87.64127743,23,41.8815824,-87.64127743,23
5858,6/28/2013 12:49 GMT-0500,6/28/2013 13:09 GMT-0500,386,"1,196",5,Clark St & Randolph St,262,Fairbanks Ct & Grand Ave,Customer,,,41.88457623,-87.63188991,31,41.89186,-87.62062,15
5860,6/28/2013 12:50 GMT-0500,6/28/2013 14:29 GMT-0500,479,"5,937",170,Wabash Ave & Cermak Rd,31,Wabash Ave & Roosevelt Rd,Customer,,,41.85323876,-87.62533709,15,41.867173,-87.62595501,19
5871,6/28/2013 12:52 GMT-0500,6/28/2013 12:57 GMT-0500,380,325,65,Damen Ave & Pierce Ave,65,Damen Ave & Pierce Ave,Customer,,,41.90939601,-87.67769193,19,41.90939601,-87.67769193,19
5876,6/28/2013 12:52 GMT-0500,6/28/2013 13:03 GMT-0500,474,622,5,Clark St & Randolph St,265,Kingsbury St & Erie St,Customer,,,41.88457623,-87.63188991,31,41.89384315,-87.64185116,23
5880,6/28/2013 12:54 GMT-0500,6/28/2013 13:07 GMT-0500,409,770,262,Fairbanks Ct & Grand Ave,34,Michigan Ave & Pearson St,Customer,,,41.89186,-87.62062,15,41.89766,-87.62351,23
5883,6/28/2013 12:55 GMT-0500,6/28/2013 13:18 GMT-0500,176,"1,368",42,Michigan Ave & Oak St,282,Larrabee St & Menomonee St,Customer,,,41.90096039,-87.62377664,15,41.91468,-87.64332,15
5897,6/28/2013 12:59 GMT-0500,6/28/2013 13:03 GMT-0500,316,278,44,Ogden Ave & Chicago Ave,44,Ogden Ave & Chicago Ave,Customer,,,41.89636246,-87.65406127,19,41.89636246,-87.65406127,19
5903,6/28/2013 12:59 GMT-0500,6/28/2013 13:23 GMT-0500,418,"1,421",300,Lake Shore Dr & Monroe St,51,McClurg Ct & Illinois St,Customer,,,41.88105,-87.61697,11,41.89102,-87.6173,23
5906,6/28/2013 13:00 GMT-0500,6/28/2013 13:09 GMT-0500,372,554,58,Dayton St & North Ave,44,Ogden Ave & Chicago Ave,Customer,,,41.91057803,-87.64942193,19,41.89636246,-87.65406127,19
5910,6/28/2013 13:01 GMT-0500,6/28/2013 13:06 GMT-0500,286,271,65,Damen Ave & Pierce Ave,65,Damen Ave & Pierce Ave,Customer,,,41.90939601,-87.67769193,19,41.90939601,-87.67769193,19
5911,6/28/2013 13:01 GMT-0500,6/28/2013 13:35 GMT-0500,193,"2,028",8,Millennium Park,43,Michigan Ave & Lake St,Customer,,,41.8810317,-87.62408432,35,41.88605812,-87.62428934,23
5912,6/28/2013 13:02 GMT-0500,6/28/2013 13:35 GMT-0500,592,"2,008",8,Millennium Park,43,Michigan Ave & Lake St,Customer,,,41.8810317,-87.62408432,35,41.88605812,-87.62428934,23
5914,6/28/2013 13:02 GMT-0500,6/28/2013 13:42 GMT-0500,817,"2,388",38,Jefferson St & Monroe St,38,Jefferson St & Monroe St,Customer,,,41.880422,-87.642746,19,41.880422,-87.642746,19
5917,6/28/2013 13:03 GMT-0500,6/28/2013 13:37 GMT-0500,557,"1,989",301,Clinton St & Madison St,106,McCormick Place,Customer,,,41.8815824,-87.64127743,23,41.85137517,-87.61883465,15
5919,6/28/2013 13:05 GMT-0500,6/28/2013 13:38 GMT-0500,476,"1,999",431,Adler Planetarium,60,Sheffield Ave & Fullerton Ave,Customer,,,41.866095,-87.607267,19,41.92560188,-87.65370804,15
5920,6/28/2013 13:05 GMT-0500,6/28/2013 13:11 GMT-0500,57,350,30,State St & Harrison St,20,Dearborn St & Adams St,Customer,,,41.87395806,-87.62773949,19,41.87935636,-87.62979104,19
5921,6/28/2013 13:05 GMT-0500,6/28/2013 13:34 GMT-0500,379,"1,694",300,Lake Shore Dr & Monroe St,51,McClurg Ct & Illinois St,Customer,,,41.88105,-87.61697,11,41.89102,-87.6173,23
5922,6/28/2013 13:05 GMT-0500,6/28/2013 13:34 GMT-0500,401,"1,709",131,Lincoln Ave & Fullerton Ave,51,McClurg Ct & Illinois St,Customer,,,41.925905,-87.64926,15,41.89102,-87.6173,23
5923,6/28/2013 13:06 GMT-0500,6/28/2013 13:14 GMT-0500,258,522,19,Franklin St & Jackson Blvd,10,Clinton St & Washington Blvd,Customer,,,41.87770796,-87.63532114,27,41.88338,-87.64117,31
5924,6/28/2013 13:06 GMT-0500,6/28/2013 13:17 GMT-0500,606,632,5,Clark St & Randolph St,19,Franklin St & Jackson Blvd,Customer,,,41.88457623,-87.63188991,31,41.87770796,-87.63532114,27
5928,6/28/2013 13:07 GMT-0500,6/28/2013 13:24 GMT-0500,607,"1,041",65,Damen Ave & Pierce Ave,33,Green St & Milwaukee Ave,Customer,,,41.90939601,-87.67769193,19,41.891733,-87.648727,19
5929,6/28/2013 13:07 GMT-0500,6/28/2013 13:14 GMT-0500,177,436,42,Michigan Ave & Oak St,42,Michigan Ave & Oak St,Customer,,,41.90096039,-87.62377664,15,41.90096039,-87.62377664,15
5931,6/28/2013 13:07 GMT-0500,6/28/2013 13:45 GMT-0500,897,"2,253",106,McCormick Place,300,Lake Shore Dr & Monroe St,Customer,,,41.85137517,-87.61883465,15,41.88105,-87.61697,11
5932,6/28/2013 13:07 GMT-0500,6/28/2013 13:44 GMT-0500,835,"2,171",106,McCormick Place,300,Lake Shore Dr & Monroe St,Customer,,,41.85137517,-87.61883465,15,41.88105,-87.61697,11
5934,6/28/2013 13:08 GMT-0500,6/28/2013 13:26 GMT-0500,183,"1,106",34,Michigan Ave & Pearson St,20,Dearborn St & Adams St,Customer,,,41.89766,-87.62351,23,41.87935636,-87.62979104,19
5935,6/28/2013 13:08 GMT-0500,6/28/2013 13:36 GMT-0500,525,"1,686",43,Michigan Ave & Lake St,30,State St & Harrison St,Customer,,,41.88605812,-87.62428934,23,41.87395806,-87.62773949,19
5937,6/28/2013 13:09 GMT-0500,6/28/2013 13:14 GMT-0500,437,259,42,Michigan Ave & Oak St,42,Michigan Ave & Oak St,Customer,,,41.90096039,-87.62377664,15,41.90096039,-87.62377664,15
5938,6/28/2013 13:11 GMT-0500,6/28/2013 13:31 GMT-0500,389,"1,180",30,State St & Harrison St,2,State St & Randolph St,Customer,,,41.87395806,-87.62773949,19,41.8847302,-87.62773357,27
5942,6/28/2013 13:13 GMT-0500,6/28/2013 13:35 GMT-0500,855,"1,316",40,Michigan Ave & Congress Pkwy,5,Clark St & Randolph St,Customer,,,41.8760656,-87.62443336,15,41.88457623,-87.63188991,31
5946,6/28/2013 13:14 GMT-0500,6/28/2013 13:37 GMT-0500,249,"1,413",8,Millennium Park,51,McClurg Ct & Illinois St,Customer,,,41.8810317,-87.62408432,35,41.89102,-87.6173,23
5948,6/28/2013 13:14 GMT-0500,6/28/2013 13:39 GMT-0500,206,"1,524",8,Millennium Park,248,Ashland Ave & Augusta Blvd,Customer,,,41.8810317,-87.62408432,35,41.899643,-87.6677,15
5949,6/28/2013 13:14 GMT-0500,6/28/2013 13:37 GMT-0500,58,"1,371",8,Millennium Park,51,McClurg Ct & Illinois St,Customer,,,41.8810317,-87.62408432,35,41.89102,-87.6173,23
5950,6/28/2013 13:14 GMT-0500,6/28/2013 13:28 GMT-0500,335,843,20,Dearborn St & Adams St,10,Clinton St & Washington Blvd,Customer,,,41.87935636,-87.62979104,19,41.88338,-87.64117,31
5958,6/28/2013 13:15 GMT-0500,6/28/2013 13:30 GMT-0500,441,928,30,State St & Harrison St,2,State St & Randolph St,Customer,,,41.87395806,-87.62773949,19,41.8847302,-87.62773357,27
5959,6/28/2013 13:15 GMT-0500,6/28/2013 13:55 GMT-0500,369,"2,399",209,Clark St & Wrightwood Ave,42,Michigan Ave & Oak St,Customer,,,41.929546,-87.643118,15,41.90096039,-87.62377664,15
5960,6/28/2013 13:15 GMT-0500,6/28/2013 14:27 GMT-0500,211,"4,326",300,Lake Shore Dr & Monroe St,51,McClurg Ct & Illinois St,Customer,,,41.88105,-87.61697,11,41.89102,-87.6173,23
5961,6/28/2013 13:15 GMT-0500,6/28/2013 14:01 GMT-0500,229,"2,727",300,Lake Shore Dr & Monroe St,262,Fairbanks Ct & Grand Ave,Customer,,,41.88105,-87.61697,11,41.89186,-87.62062,15
5962,6/28/2013 13:16 GMT-0500,6/28/2013 13:51 GMT-0500,420,"2,094",44,Ogden Ave & Chicago Ave,51,McClurg Ct & Illinois St,Customer,,,41.89636246,-87.65406127,19,41.89102,-87.6173,23
5970,6/28/2013 13:19 GMT-0500,6/28/2013 13:30 GMT-0500,138,658,30,State St & Harrison St,2,State St & Randolph St,Customer,,,41.87395806,-87.62773949,19,41.8847302,-87.62773357,27
5978,6/28/2013 13:26 GMT-0500,6/28/2013 13:56 GMT-0500,607,"1,793",33,Green St & Milwaukee Ave,2,State St & Randolph St,Customer,,,41.891733,-87.648727,19,41.8847302,-87.62773357,27
5992,6/28/2013 13:27 GMT-0500,6/28/2013 14:03 GMT-0500,222,"2,152",300,Lake Shore Dr & Monroe St,106,McCormick Place,Customer,,,41.88105,-87.61697,11,41.85137517,-87.61883465,15
6001,6/28/2013 13:30 GMT-0500,6/28/2013 13:56 GMT-0500,225,"1,564",157,Aberdeen St & Jackson Blvd,43,Michigan Ave & Lake St,Customer,,,41.87772613,-87.65478743,15,41.88605812,-87.62428934,23
6003,6/28/2013 13:30 GMT-0500,6/28/2013 13:57 GMT-0500,416,"1,580",413,Halsted St & 35th St,20,Dearborn St & Adams St,Customer,,,41.830661,-87.647172,15,41.87935636,-87.62979104,19
6010,6/28/2013 13:31 GMT-0500,6/28/2013 13:48 GMT-0500,43,"1,008",43,Michigan Ave & Lake St,34,Michigan Ave & Pearson St,Customer,,,41.88605812,-87.62428934,23,41.89766,-87.62351,23
6014,6/28/2013 13:32 GMT-0500,6/28/2013 14:05 GMT-0500,343,"1,924",51,McClurg Ct & Illinois St,301,Clinton St & Madison St,Customer,,,41.89102,-87.6173,23,41.8815824,-87.64127743,23
6021,6/28/2013 13:34 GMT-0500,6/28/2013 14:00 GMT-0500,648,"1,547",210,Halsted St & Wrightwood Ave,246,Wood St & Division St,Customer,,,41.929143,-87.649077,15,41.90332,-87.67273,15
6026,6/28/2013 13:36 GMT-0500,6/28/2013 13:55 GMT-0500,55,"1,174",2,State St & Randolph St,160,May St & Taylor St,Customer,,,41.8847302,-87.62773357,27,41.8694821,-87.6554864,15
6028,6/28/2013 13:37 GMT-0500,6/28/2013 14:20 GMT-0500,326,"2,579",262,Fairbanks Ct & Grand Ave,17,Franklin St & Chicago Ave,Customer,,,41.89186,-87.62062,15,41.89680204,-87.63563839,23
6030,6/28/2013 13:38 GMT-0500,6/28/2013 13:50 GMT-0500,101,748,17,Franklin St & Chicago Ave,209,Clark St & Wrightwood Ave,Customer,,,41.89680204,-87.63563839,23,41.929546,-87.643118,15
6059,6/28/2013 13:42 GMT-0500,6/28/2013 14:36 GMT-0500,333,"3,266",40,Michigan Ave & Congress Pkwy,51,McClurg Ct & Illinois St,Customer,,,41.8760656,-87.62443336,15,41.89102,-87.6173,23
6062,6/28/2013 13:43 GMT-0500,6/28/2013 14:27 GMT-0500,531,"2,643",19,Franklin St & Jackson Blvd,51,McClurg Ct & Illinois St,Customer,,,41.87770796,-87.63532114,27,41.89102,-87.6173,23
6063,6/28/2013 13:43 GMT-0500,6/28/2013 15:41 GMT-0500,409,"7,058",34,Michigan Ave & Pearson St,34,Michigan Ave & Pearson St,Customer,,,41.89766,-87.62351,23,41.89766,-87.62351,23
6067,6/28/2013 13:43 GMT-0500,6/28/2013 14:27 GMT-0500,466,"2,603",19,Franklin St & Jackson Blvd,51,McClurg Ct & Illinois St,Customer,,,41.87770796,-87.63532114,27,41.89102,-87.6173,23
6068,6/28/2013 13:44 GMT-0500,6/28/2013 14:03 GMT-0500,48,"1,143",148,State St & 16th St,139,Loomis St & Taylor St,Customer,,,41.86012138,-87.62772919,15,41.869417,-87.660996,15
6069,6/28/2013 13:44 GMT-0500,6/28/2013 14:27 GMT-0500,340,"2,601",19,Franklin St & Jackson Blvd,247,Ashland Ave & Chicago Ave,Customer,,,41.87770796,-87.63532114,27,41.895966,-87.667747,15
6083,6/28/2013 13:50 GMT-0500,6/28/2013 14:27 GMT-0500,42,"2,253",34,Michigan Ave & Pearson St,146,Lincoln Ave & Armitage Ave,Customer,,,41.89766,-87.62351,23,41.918273,-87.638116,19
6084,6/28/2013 13:50 GMT-0500,6/28/2013 14:27 GMT-0500,94,"2,229",34,Michigan Ave & Pearson St,146,Lincoln Ave & Armitage Ave,Customer,,,41.89766,-87.62351,23,41.918273,-87.638116,19
6114,6/28/2013 13:52 GMT-0500,6/28/2013 14:26 GMT-0500,442,"2,044",300,Lake Shore Dr & Monroe St,31,Wabash Ave & Roosevelt Rd,Customer,,,41.88105,-87.61697,11,41.867173,-87.62595501,19
6121,6/28/2013 13:52 GMT-0500,6/29/2013 7:14 GMT-0500,835,"62,529",300,Lake Shore Dr & Monroe St,262,Fairbanks Ct & Grand Ave,Customer,,,41.88105,-87.61697,11,41.89186,-87.62062,15
6122,6/28/2013 13:53 GMT-0500,6/29/2013 9:28 GMT-0500,897,"70,484",300,Lake Shore Dr & Monroe St,106,McCormick Place,Customer,,,41.88105,-87.61697,11,41.85137517,-87.61883465,15
6131,6/28/2013 13:56 GMT-0500,6/28/2013 14:23 GMT-0500,387,"1,627",298,Southport Ave & Wrightwood Ave,2,State St & Randolph St,Customer,,,41.92888,-87.66317,15,41.8847302,-87.62773357,27
6136,6/28/2013 13:57 GMT-0500,6/28/2013 14:22 GMT-0500,176,"1,500",282,Larrabee St & Menomonee St,282,Larrabee St & Menomonee St,Customer,,,41.91468,-87.64332,15,41.91468,-87.64332,15
6139,6/28/2013 13:59 GMT-0500,6/28/2013 15:08 GMT-0500,437,"4,120",42,Michigan Ave & Oak St,385,Clarendon Ave & Leland Ave,Customer,,,41.90096039,-87.62377664,15,41.967968,-87.650001,15
6141,6/28/2013 14:00 GMT-0500,6/28/2013 14:23 GMT-0500,85,"1,370",282,Larrabee St & Menomonee St,282,Larrabee St & Menomonee St,Customer,,,41.91468,-87.64332,15,41.91468,-87.64332,15
6143,6/28/2013 14:01 GMT-0500,6/28/2013 14:27 GMT-0500,351,"1,614",160,May St & Taylor St,19,Franklin St & Jackson Blvd,Customer,,,41.8694821,-87.6554864,15,41.87770796,-87.63532114,27
6171,6/28/2013 14:06 GMT-0500,6/28/2013 14:35 GMT-0500,586,"1,737",246,Wood St & Division St,174,Larrabee St & North Ave,Customer,,,41.90332,-87.67273,15,41.91021,-87.6435,19
6178,6/28/2013 14:06 GMT-0500,6/28/2013 14:34 GMT-0500,299,"1,687",246,Wood St & Division St,174,Larrabee St & North Ave,Customer,,,41.90332,-87.67273,15,41.91021,-87.6435,19
6204,6/28/2013 14:09 GMT-0500,6/28/2013 14:35 GMT-0500,183,"1,571",20,Dearborn St & Adams St,51,McClurg Ct & Illinois St,Customer,,,41.87935636,-87.62979104,19,41.89102,-87.6173,23
6218,6/28/2013 14:10 GMT-0500,6/28/2013 14:15 GMT-0500,395,285,20,Dearborn St & Adams St,138,Canal St & Jackson Blvd,Customer,,,41.87935636,-87.62979104,19,41.87811421,-87.63997112,35
6238,6/28/2013 14:12 GMT-0500,6/28/2013 15:10 GMT-0500,149,"3,449",246,Wood St & Division St,43,Michigan Ave & Lake St,Customer,,,41.90332,-87.67273,15,41.88605812,-87.62428934,23
6250,6/28/2013 14:15 GMT-0500,6/28/2013 14:45 GMT-0500,407,"1,786",60,Sheffield Ave & Fullerton Ave,221,Wood St & Milwaukee Ave,Customer,,,41.92560188,-87.65370804,15,41.907655,-87.672552,15
6253,6/28/2013 14:16 GMT-0500,6/28/2013 15:06 GMT-0500,287,"2,995",155,May St & Randolph St,23,Daley Center Plaza,Customer,,,41.88397,-87.655688,15,41.884337,-87.630183,47
6256,6/28/2013 14:17 GMT-0500,6/28/2013 14:28 GMT-0500,121,654,19,Franklin St & Jackson Blvd,327,Clinton St & Roosevelt Rd,Customer,,,41.87770796,-87.63532114,27,41.86711778,-87.64108796,15
6258,6/28/2013 14:17 GMT-0500,6/28/2013 14:27 GMT-0500,602,597,221,Wood St & Milwaukee Ave,154,Sheffield Ave & Kingsbury St,Customer,,,41.907655,-87.672552,15,41.90959193,-87.65349723,15
6263,6/28/2013 14:21 GMT-0500,6/28/2013 15:07 GMT-0500,286,"2,762",2,State St & Randolph St,2,State St & Randolph St,Customer,,,41.8847302,-87.62773357,27,41.8847302,-87.62773357,27
6264,6/28/2013 14:21 GMT-0500,6/28/2013 18:40 GMT-0500,411,"15,555",154,Sheffield Ave & Kingsbury St,146,Lincoln Ave & Armitage Ave,Customer,,,41.90959193,-87.65349723,15,41.918273,-87.638116,19
6273,6/28/2013 14:25 GMT-0500,6/28/2013 14:41 GMT-0500,420,966,51,McClurg Ct & Illinois St,17,Franklin St & Chicago Ave,Customer,,,41.89102,-87.6173,23,41.89680204,-87.63563839,23
6274,6/28/2013 14:25 GMT-0500,6/28/2013 15:07 GMT-0500,607,"2,549",2,State St & Randolph St,2,State St & Randolph St,Customer,,,41.8847302,-87.62773357,27,41.8847302,-87.62773357,27
6281,6/28/2013 14:28 GMT-0500,6/28/2013 14:52 GMT-0500,176,"1,428",282,Larrabee St & Menomonee St,282,Larrabee St & Menomonee St,Customer,,,41.91468,-87.64332,15,41.91468,-87.64332,15
6283,6/28/2013 14:28 GMT-0500,6/28/2013 14:52 GMT-0500,272,"1,419",282,Larrabee St & Menomonee St,282,Larrabee St & Menomonee St,Customer,,,41.91468,-87.64332,15,41.91468,-87.64332,15
6286,6/28/2013 14:29 GMT-0500,6/28/2013 15:27 GMT-0500,449,"3,513",42,Michigan Ave & Oak St,42,Michigan Ave & Oak St,Customer,,,41.90096039,-87.62377664,15,41.90096039,-87.62377664,15
6294,6/28/2013 14:30 GMT-0500,6/28/2013 14:49 GMT-0500,389,"1,112",2,State St & Randolph St,210,Halsted St & Wrightwood Ave,Customer,,,41.8847302,-87.62773357,27,41.929143,-87.649077,15
6295,6/28/2013 14:31 GMT-0500,6/28/2013 15:01 GMT-0500,226,"1,841",34,Michigan Ave & Pearson St,51,McClurg Ct & Illinois St,Customer,,,41.89766,-87.62351,23,41.89102,-87.6173,23
6296,6/28/2013 14:31 GMT-0500,6/28/2013 15:01 GMT-0500,572,"1,829",34,Michigan Ave & Pearson St,51,McClurg Ct & Illinois St,Customer,,,41.89766,-87.62351,23,41.89102,-87.6173,23
6298,6/28/2013 14:32 GMT-0500,6/28/2013 15:00 GMT-0500,154,"1,682",31,Wabash Ave & Roosevelt Rd,170,Wabash Ave & Cermak Rd,Customer,,,41.867173,-87.62595501,19,41.85323876,-87.62533709,15
6300,6/28/2013 14:32 GMT-0500,6/28/2013 14:59 GMT-0500,599,"1,628",31,Wabash Ave & Roosevelt Rd,170,Wabash Ave & Cermak Rd,Customer,,,41.867173,-87.62595501,19,41.85323876,-87.62533709,15
6302,6/28/2013 14:33 GMT-0500,6/28/2013 14:52 GMT-0500,142,"1,085",8,Millennium Park,210,Halsted St & Wrightwood Ave,Customer,,,41.8810317,-87.62408432,35,41.929143,-87.649077,15
6303,6/28/2013 14:34 GMT-0500,6/28/2013 15:02 GMT-0500,351,"1,696",19,Franklin St & Jackson Blvd,8,Millennium Park,Customer,,,41.87770796,-87.63532114,27,41.8810317,-87.62408432,35
6310,6/28/2013 14:35 GMT-0500,6/28/2013 15:01 GMT-0500,177,"1,560",42,Michigan Ave & Oak St,2,State St & Randolph St,Customer,,,41.90096039,-87.62377664,15,41.8847302,-87.62773357,27
6319,6/28/2013 14:37 GMT-0500,6/28/2013 15:01 GMT-0500,369,"1,444",42,Michigan Ave & Oak St,2,State St & Randolph St,Customer,,,41.90096039,-87.62377664,15,41.8847302,-87.62773357,27
6323,6/28/2013 14:39 GMT-0500,6/28/2013 15:01 GMT-0500,221,"1,342",42,Michigan Ave & Oak St,2,State St & Randolph St,Customer,,,41.90096039,-87.62377664,15,41.8847302,-87.62773357,27
6330,6/28/2013 14:40 GMT-0500,6/28/2013 14:56 GMT-0500,224,965,31,Wabash Ave & Roosevelt Rd,300,Lake Shore Dr & Monroe St,Customer,,,41.867173,-87.62595501,19,41.88105,-87.61697,11
6336,6/28/2013 14:44 GMT-0500,6/28/2013 20:19 GMT-0500,712,"20,090",138,Canal St & Jackson Blvd,138,Canal St & Jackson Blvd,Customer,,,41.87811421,-87.63997112,35,41.87811421,-87.63997112,35
6338,6/28/2013 14:45 GMT-0500,6/28/2013 15:09 GMT-0500,378,"1,429",42,Michigan Ave & Oak St,124,Cannon Dr & Fullerton Ave,Customer,,,41.90096039,-87.62377664,15,41.92675599,-87.63442878,15
6345,6/28/2013 14:48 GMT-0500,6/28/2013 15:26 GMT-0500,173,"2,285",34,Michigan Ave & Pearson St,65,Damen Ave & Pierce Ave,Customer,,,41.89766,-87.62351,23,41.90939601,-87.67769193,19
6350,6/28/2013 14:51 GMT-0500,6/28/2013 15:23 GMT-0500,531,"1,942",51,McClurg Ct & Illinois St,51,McClurg Ct & Illinois St,Customer,,,41.89102,-87.6173,23,41.89102,-87.6173,23
6352,6/28/2013 14:53 GMT-0500,6/28/2013 15:00 GMT-0500,161,431,38,Jefferson St & Monroe St,38,Jefferson St & Monroe St,Customer,,,41.880422,-87.642746,19,41.880422,-87.642746,19
6353,6/28/2013 14:53 GMT-0500,6/28/2013 14:57 GMT-0500,222,223,106,McCormick Place,106,McCormick Place,Customer,,,41.85137517,-87.61883465,15,41.85137517,-87.61883465,15
6354,6/28/2013 14:54 GMT-0500,6/28/2013 15:05 GMT-0500,602,667,154,Sheffield Ave & Kingsbury St,221,Wood St & Milwaukee Ave,Customer,,,41.90959193,-87.65349723,15,41.907655,-87.672552,15
6355,6/28/2013 14:56 GMT-0500,6/28/2013 15:27 GMT-0500,183,"1,856",51,McClurg Ct & Illinois St,44,Ogden Ave & Chicago Ave,Customer,,,41.89102,-87.6173,23,41.89636246,-87.65406127,19
6356,6/28/2013 14:57 GMT-0500,6/28/2013 15:20 GMT-0500,410,"1,375",29,Museum Campus,247,Ashland Ave & Chicago Ave,Customer,,,41.865212,-87.617759,19,41.895966,-87.667747,15
6357,6/28/2013 14:58 GMT-0500,6/28/2013 15:20 GMT-0500,225,"1,349",43,Michigan Ave & Lake St,51,McClurg Ct & Illinois St,Customer,,,41.88605812,-87.62428934,23,41.89102,-87.6173,23
6361,6/28/2013 15:00 GMT-0500,6/28/2013 15:22 GMT-0500,527,"1,347",106,McCormick Place,8,Millennium Park,Customer,,,41.85137517,-87.61883465,15,41.8810317,-87.62408432,35
6362,6/28/2013 15:00 GMT-0500,6/28/2013 15:30 GMT-0500,419,"1,782",431,Adler Planetarium,300,Lake Shore Dr & Monroe St,Customer,,,41.866095,-87.607267,19,41.88105,-87.61697,11
6363,6/28/2013 15:01 GMT-0500,6/28/2013 15:10 GMT-0500,119,546,265,Kingsbury St & Erie St,301,Clinton St & Madison St,Customer,,,41.89384315,-87.64185116,23,41.8815824,-87.64127743,23
6368,6/28/2013 15:03 GMT-0500,6/28/2013 15:15 GMT-0500,121,752,327,Clinton St & Roosevelt Rd,19,Franklin St & Jackson Blvd,Customer,,,41.86711778,-87.64108796,15,41.87770796,-87.63532114,27
6373,6/28/2013 15:04 GMT-0500,6/28/2013 15:33 GMT-0500,167,"1,763",5,Clark St & Randolph St,5,Clark St & Randolph St,Customer,,,41.88457623,-87.63188991,31,41.88457623,-87.63188991,31
6393,6/28/2013 15:07 GMT-0500,6/28/2013 15:33 GMT-0500,320,"1,590",5,Clark St & Randolph St,5,Clark St & Randolph St,Customer,,,41.88457623,-87.63188991,31,41.88457623,-87.63188991,31
6408,6/28/2013 15:12 GMT-0500,6/28/2013 15:39 GMT-0500,351,"1,642",8,Millennium Park,42,Michigan Ave & Oak St,Customer,,,41.8810317,-87.62408432,35,41.90096039,-87.62377664,15
6409,6/28/2013 15:13 GMT-0500,6/28/2013 15:42 GMT-0500,460,"1,748",5,Clark St & Randolph St,3,State St & Van Buren St,Customer,,,41.88457623,-87.63188991,31,41.877181,-87.627844,27
6413,6/28/2013 15:16 GMT-0500,6/28/2013 15:30 GMT-0500,47,828,34,Michigan Ave & Pearson St,247,Ashland Ave & Chicago Ave,Customer,,,41.89766,-87.62351,23,41.895966,-87.667747,15
6414,6/28/2013 15:17 GMT-0500,6/28/2013 15:39 GMT-0500,557,"1,353",106,McCormick Place,300,Lake Shore Dr & Monroe St,Customer,,,41.85137517,-87.61883465,15,41.88105,-87.61697,11
6418,6/28/2013 15:19 GMT-0500,6/28/2013 15:42 GMT-0500,94,"1,386",146,Lincoln Ave & Armitage Ave,246,Wood St & Division St,Customer,,,41.918273,-87.638116,19,41.90332,-87.67273,15
6419,6/28/2013 15:19 GMT-0500,6/28/2013 15:42 GMT-0500,42,"1,374",146,Lincoln Ave & Armitage Ave,246,Wood St & Division St,Customer,,,41.918273,-87.638116,19,41.90332,-87.67273,15
6421,6/28/2013 15:20 GMT-0500,6/28/2013 15:43 GMT-0500,378,"1,391",124,Cannon Dr & Fullerton Ave,34,Michigan Ave & Pearson St,Customer,,,41.92675599,-87.63442878,15,41.89766,-87.62351,23
6422,6/28/2013 15:20 GMT-0500,6/28/2013 15:39 GMT-0500,591,"1,165",155,May St & Randolph St,385,Clarendon Ave & Leland Ave,Customer,,,41.88397,-87.655688,15,41.967968,-87.650001,15
6425,6/28/2013 15:21 GMT-0500,6/28/2013 15:37 GMT-0500,442,"1,002",31,Wabash Ave & Roosevelt Rd,8,Millennium Park,Customer,,,41.867173,-87.62595501,19,41.8810317,-87.62408432,35
6428,6/28/2013 15:22 GMT-0500,6/28/2013 15:53 GMT-0500,225,"1,819",51,McClurg Ct & Illinois St,51,McClurg Ct & Illinois St,Customer,,,41.89102,-87.6173,23,41.89102,-87.6173,23
6429,6/28/2013 15:23 GMT-0500,6/28/2013 15:53 GMT-0500,410,"1,800",247,Ashland Ave & Chicago Ave,51,McClurg Ct & Illinois St,Customer,,,41.895966,-87.667747,15,41.89102,-87.6173,23
6431,6/28/2013 15:23 GMT-0500,6/28/2013 15:41 GMT-0500,321,"1,097",5,Clark St & Randolph St,3,State St & Van Buren St,Customer,,,41.88457623,-87.63188991,31,41.877181,-87.627844,27
6442,6/28/2013 15:29 GMT-0500,6/28/2013 15:35 GMT-0500,421,355,38,Jefferson St & Monroe St,46,Wells St & Walton St,Customer,,,41.880422,-87.642746,19,41.89993001,-87.63443007,19
6445,6/28/2013 15:35 GMT-0500,6/28/2013 15:47 GMT-0500,181,757,5,Clark St & Randolph St,38,Jefferson St & Monroe St,Customer,,,41.88457623,-87.63188991,31,41.880422,-87.642746,19
6450,6/28/2013 15:37 GMT-0500,6/28/2013 15:53 GMT-0500,116,954,12,Larrabee St & Kingsbury St,29,Museum Campus,Customer,,,41.897764,-87.642884,27,41.865212,-87.617759,19
6451,6/28/2013 15:38 GMT-0500,6/28/2013 15:49 GMT-0500,453,660,301,Clinton St & Madison St,265,Kingsbury St & Erie St,Customer,,,41.8815824,-87.64127743,23,41.89384315,-87.64185116,23
6456,6/28/2013 15:42 GMT-0500,6/28/2013 16:13 GMT-0500,557,"1,889",300,Lake Shore Dr & Monroe St,51,McClurg Ct & Illinois St,Customer,,,41.88105,-87.61697,11,41.89102,-87.6173,23
6462,6/28/2013 15:45 GMT-0500,6/28/2013 16:07 GMT-0500,486,"1,311",34,Michigan Ave & Pearson St,34,Michigan Ave & Pearson St,Customer,,,41.89766,-87.62351,23,41.89766,-87.62351,23
6463,6/28/2013 15:45 GMT-0500,6/28/2013 16:06 GMT-0500,43,"1,287",34,Michigan Ave & Pearson St,34,Michigan Ave & Pearson St,Customer,,,41.89766,-87.62351,23,41.89766,-87.62351,23
6464,6/28/2013 15:46 GMT-0500,6/28/2013 16:05 GMT-0500,337,"1,163",262,Fairbanks Ct & Grand Ave,290,Noble St & Milwaukee Ave,Customer,,,41.89186,-87.62062,15,41.90068,-87.6626,15
6465,6/28/2013 15:46 GMT-0500,6/28/2013 16:03 GMT-0500,246,"1,017",5,Clark St & Randolph St,300,Lake Shore Dr & Monroe St,Customer,,,41.88457623,-87.63188991,31,41.88105,-87.61697,11
6466,6/28/2013 15:47 GMT-0500,6/28/2013 16:00 GMT-0500,161,819,38,Jefferson St & Monroe St,76,Racine Ave & Congress Pkwy,Customer,,,41.880422,-87.642746,19,41.87464,-87.65703,19
6469,6/28/2013 15:47 GMT-0500,6/28/2013 15:55 GMT-0500,144,454,8,Millennium Park,23,Daley Center Plaza,Customer,,,41.8810317,-87.62408432,35,41.884337,-87.630183,47
6471,6/28/2013 15:48 GMT-0500,6/28/2013 15:55 GMT-0500,281,444,8,Millennium Park,23,Daley Center Plaza,Customer,,,41.8810317,-87.62408432,35,41.884337,-87.630183,47
6472,6/28/2013 15:48 GMT-0500,6/28/2013 16:07 GMT-0500,149,"1,194",43,Michigan Ave & Lake St,155,May St & Randolph St,Customer,,,41.88605812,-87.62428934,23,41.88397,-87.655688,15
6486,6/28/2013 15:52 GMT-0500,6/28/2013 16:01 GMT-0500,421,566,46,Wells St & Walton St,46,Wells St & Walton St,Customer,,,41.89993001,-87.63443007,19,41.89993001,-87.63443007,19
6489,6/28/2013 15:53 GMT-0500,6/28/2013 16:05 GMT-0500,152,680,12,Larrabee St & Kingsbury St,58,Dayton St & North Ave,Customer,,,41.897764,-87.642884,27,41.91057803,-87.64942193,19
6498,6/28/2013 15:58 GMT-0500,6/28/2013 16:20 GMT-0500,572,"1,317",51,McClurg Ct & Illinois St,2,State St & Randolph St,Customer,,,41.89102,-87.6173,23,41.8847302,-87.62773357,27
6499,6/28/2013 15:58 GMT-0500,6/28/2013 16:23 GMT-0500,80,"1,476",248,Ashland Ave & Augusta Blvd,154,Sheffield Ave & Kingsbury St,Customer,,,41.899643,-87.6677,15,41.90959193,-87.65349723,15
6500,6/28/2013 15:58 GMT-0500,6/28/2013 16:15 GMT-0500,226,"1,010",51,McClurg Ct & Illinois St,2,State St & Randolph St,Customer,,,41.89102,-87.6173,23,41.8847302,-87.62773357,27
6503,6/28/2013 16:01 GMT-0500,6/28/2013 16:17 GMT-0500,45,966,262,Fairbanks Ct & Grand Ave,46,Wells St & Walton St,Customer,,,41.89186,-87.62062,15,41.89993001,-87.63443007,19
6507,6/28/2013 16:02 GMT-0500,6/28/2013 16:13 GMT-0500,329,648,23,Daley Center Plaza,31,Wabash Ave & Roosevelt Rd,Customer,,,41.884337,-87.630183,47,41.867173,-87.62595501,19
6516,6/28/2013 16:06 GMT-0500,6/28/2013 16:36 GMT-0500,246,"1,825",300,Lake Shore Dr & Monroe St,106,McCormick Place,Customer,,,41.88105,-87.61697,11,41.85137517,-87.61883465,15
6518,6/28/2013 16:06 GMT-0500,6/28/2013 16:31 GMT-0500,386,"1,518",262,Fairbanks Ct & Grand Ave,8,Millennium Park,Customer,,,41.89186,-87.62062,15,41.8810317,-87.62408432,35
6525,6/28/2013 16:07 GMT-0500,6/28/2013 16:16 GMT-0500,281,505,23,Daley Center Plaza,30,State St & Harrison St,Customer,,,41.884337,-87.630183,47,41.87395806,-87.62773949,19
6526,6/28/2013 16:07 GMT-0500,6/28/2013 16:16 GMT-0500,233,501,23,Daley Center Plaza,30,State St & Harrison St,Customer,,,41.884337,-87.630183,47,41.87395806,-87.62773949,19
6529,6/28/2013 16:10 GMT-0500,6/28/2013 16:19 GMT-0500,534,554,38,Jefferson St & Monroe St,157,Aberdeen St & Jackson Blvd,Customer,,,41.880422,-87.642746,19,41.87772613,-87.65478743,15
6534,6/28/2013 16:14 GMT-0500,6/28/2013 16:27 GMT-0500,764,784,43,Michigan Ave & Lake St,31,Wabash Ave & Roosevelt Rd,Customer,,,41.88605812,-87.62428934,23,41.867173,-87.62595501,19
6539,6/28/2013 16:19 GMT-0500,6/28/2013 16:37 GMT-0500,226,"1,054",2,State St & Randolph St,5,Clark St & Randolph St,Customer,,,41.8847302,-87.62773357,27,41.88457623,-87.63188991,31
6542,6/28/2013 16:21 GMT-0500,6/28/2013 16:27 GMT-0500,356,411,5,Clark St & Randolph St,50,State St & Kinzie St,Customer,,,41.88457623,-87.63188991,31,41.88918,-87.6277,15
6543,6/28/2013 16:20 GMT-0500,6/28/2013 16:44 GMT-0500,338,"1,439",301,Clinton St & Madison St,51,McClurg Ct & Illinois St,Customer,,,41.8815824,-87.64127743,23,41.89102,-87.6173,23
6546,6/28/2013 16:23 GMT-0500,6/28/2013 16:37 GMT-0500,572,836,2,State St & Randolph St,5,Clark St & Randolph St,Customer,,,41.8847302,-87.62773357,27,41.88457623,-87.63188991,31
6548,6/28/2013 16:23 GMT-0500,6/28/2013 16:43 GMT-0500,453,"1,165",265,Kingsbury St & Erie St,262,Fairbanks Ct & Grand Ave,Customer,,,41.89384315,-87.64185116,23,41.89186,-87.62062,15
6550,6/28/2013 16:26 GMT-0500,6/28/2013 16:42 GMT-0500,485,"1,004",12,Larrabee St & Kingsbury St,160,May St & Taylor St,Customer,,,41.897764,-87.642884,27,41.8694821,-87.6554864,15
6558,6/28/2013 16:30 GMT-0500,6/28/2013 16:42 GMT-0500,409,668,34,Michigan Ave & Pearson St,262,Fairbanks Ct & Grand Ave,Customer,,,41.89766,-87.62351,23,41.89186,-87.62062,15
6559,6/28/2013 16:31 GMT-0500,6/28/2013 16:45 GMT-0500,122,834,265,Kingsbury St & Erie St,301,Clinton St & Madison St,Customer,,,41.89384315,-87.64185116,23,41.8815824,-87.64127743,23
6561,6/28/2013 16:32 GMT-0500,6/28/2013 16:47 GMT-0500,392,881,3,State St & Van Buren St,34,Michigan Ave & Pearson St,Customer,,,41.877181,-87.627844,27,41.89766,-87.62351,23
6573,6/28/2013 16:36 GMT-0500,6/28/2013 16:44 GMT-0500,521,472,154,Sheffield Ave & Kingsbury St,25,Ashland Ave & Armitage Ave,Customer,,,41.90959193,-87.65349723,15,41.91785887,-87.668919,15
6585,6/28/2013 16:39 GMT-0500,6/28/2013 17:01 GMT-0500,380,"1,282",65,Damen Ave & Pierce Ave,65,Damen Ave & Pierce Ave,Customer,,,41.90939601,-87.67769193,19,41.90939601,-87.67769193,19
6594,6/28/2013 16:44 GMT-0500,6/28/2013 19:00 GMT-0500,47,"8,152",247,Ashland Ave & Chicago Ave,51,McClurg Ct & Illinois St,Customer,,,41.895966,-87.667747,15,41.89102,-87.6173,23
6596,6/28/2013 16:44 GMT-0500,6/28/2013 19:00 GMT-0500,557,"8,145",51,McClurg Ct & Illinois St,51,McClurg Ct & Illinois St,Customer,,,41.89102,-87.6173,23,41.89102,-87.6173,23
6602,6/28/2013 16:47 GMT-0500,6/28/2013 16:53 GMT-0500,217,387,12,Larrabee St & Kingsbury St,39,Desplaines St & Kinzie St,Customer,,,41.897764,-87.642884,27,41.88871604,-87.64444785,19
6616,6/28/2013 16:51 GMT-0500,6/28/2013 17:38 GMT-0500,462,"2,840",42,Michigan Ave & Oak St,42,Michigan Ave & Oak St,Customer,,,41.90096039,-87.62377664,15,41.90096039,-87.62377664,15
6627,6/28/2013 16:52 GMT-0500,6/28/2013 17:05 GMT-0500,90,787,19,Franklin St & Jackson Blvd,414,Halsted St & 37th St,Customer,,,41.87770796,-87.63532114,27,41.827071,-87.645801,11
6634,6/28/2013 16:53 GMT-0500,6/28/2013 17:05 GMT-0500,112,721,12,Larrabee St & Kingsbury St,50,State St & Kinzie St,Customer,,,41.897764,-87.642884,27,41.88918,-87.6277,15
6650,6/28/2013 16:56 GMT-0500,6/28/2013 17:08 GMT-0500,392,728,34,Michigan Ave & Pearson St,40,Michigan Ave & Congress Pkwy,Customer,,,41.89766,-87.62351,23,41.8760656,-87.62443336,15
6653,6/28/2013 16:58 GMT-0500,6/28/2013 17:21 GMT-0500,244,"1,365",50,State St & Kinzie St,246,Wood St & Division St,Customer,,,41.88918,-87.6277,15,41.90332,-87.67273,15
6657,6/28/2013 16:58 GMT-0500,6/28/2013 17:25 GMT-0500,177,"1,616",2,State St & Randolph St,209,Clark St & Wrightwood Ave,Customer,,,41.8847302,-87.62773357,27,41.929546,-87.643118,15
6661,6/28/2013 16:59 GMT-0500,6/28/2013 17:21 GMT-0500,620,"1,315",106,McCormick Place,246,Wood St & Division St,Customer,,,41.85137517,-87.61883465,15,41.90332,-87.67273,15
6663,6/28/2013 16:59 GMT-0500,6/28/2013 17:11 GMT-0500,842,723,8,Millennium Park,43,Michigan Ave & Lake St,Customer,,,41.8810317,-87.62408432,35,41.88605812,-87.62428934,23
6664,6/28/2013 16:59 GMT-0500,6/28/2013 17:18 GMT-0500,270,"1,117",44,Ogden Ave & Chicago Ave,166,Halsted St & James M Rochford St,Customer,,,41.89636246,-87.65406127,19,41.865861,-87.646611,15
6665,6/28/2013 17:00 GMT-0500,6/28/2013 17:38 GMT-0500,333,"2,262",42,Michigan Ave & Oak St,42,Michigan Ave & Oak St,Customer,,,41.90096039,-87.62377664,15,41.90096039,-87.62377664,15
6666,6/28/2013 17:01 GMT-0500,6/28/2013 17:06 GMT-0500,221,296,2,State St & Randolph St,2,State St & Randolph St,Customer,,,41.8847302,-87.62773357,27,41.8847302,-87.62773357,27
6668,6/28/2013 17:01 GMT-0500,6/28/2013 17:22 GMT-0500,297,"1,278",39,Desplaines St & Kinzie St,39,Desplaines St & Kinzie St,Customer,,,41.88871604,-87.64444785,19,41.88871604,-87.64444785,19
6669,6/28/2013 17:01 GMT-0500,6/28/2013 17:38 GMT-0500,351,"2,197",42,Michigan Ave & Oak St,42,Michigan Ave & Oak St,Customer,,,41.90096039,-87.62377664,15,41.90096039,-87.62377664,15
6670,6/28/2013 17:02 GMT-0500,6/28/2013 17:22 GMT-0500,912,"1,257",39,Desplaines St & Kinzie St,39,Desplaines St & Kinzie St,Customer,,,41.88871604,-87.64444785,19,41.88871604,-87.64444785,19
6673,6/28/2013 17:02 GMT-0500,6/28/2013 17:26 GMT-0500,469,"1,461",65,Damen Ave & Pierce Ave,146,Lincoln Ave & Armitage Ave,Customer,,,41.90939601,-87.67769193,19,41.918273,-87.638116,19
6674,6/28/2013 17:02 GMT-0500,6/28/2013 17:12 GMT-0500,442,574,8,Millennium Park,43,Michigan Ave & Lake St,Customer,,,41.8810317,-87.62408432,35,41.88605812,-87.62428934,23
6675,6/28/2013 17:02 GMT-0500,6/28/2013 17:26 GMT-0500,288,"1,404",265,Kingsbury St & Erie St,265,Kingsbury St & Erie St,Customer,,,41.89384315,-87.64185116,23,41.89384315,-87.64185116,23
6679,6/28/2013 17:03 GMT-0500,6/28/2013 17:42 GMT-0500,155,"2,329",76,Racine Ave & Congress Pkwy,76,Racine Ave & Congress Pkwy,Customer,,,41.87464,-87.65703,19,41.87464,-87.65703,19
6682,6/28/2013 17:04 GMT-0500,6/28/2013 17:26 GMT-0500,130,"1,309",265,Kingsbury St & Erie St,265,Kingsbury St & Erie St,Customer,,,41.89384315,-87.64185116,23,41.89384315,-87.64185116,23
6685,6/28/2013 17:06 GMT-0500,6/28/2013 17:19 GMT-0500,224,809,8,Millennium Park,51,McClurg Ct & Illinois St,Customer,,,41.8810317,-87.62408432,35,41.89102,-87.6173,23
6692,6/28/2013 17:08 GMT-0500,6/28/2013 17:25 GMT-0500,221,"1,050",2,State St & Randolph St,33,Green St & Milwaukee Ave,Customer,,,41.8847302,-87.62773357,27,41.891733,-87.648727,19
6693,6/28/2013 17:08 GMT-0500,6/28/2013 17:25 GMT-0500,607,"1,001",2,State St & Randolph St,33,Green St & Milwaukee Ave,Customer,,,41.8847302,-87.62773357,27,41.891733,-87.648727,19
6696,6/28/2013 17:09 GMT-0500,6/28/2013 17:47 GMT-0500,246,"2,300",106,McCormick Place,246,Wood St & Division St,Customer,,,41.85137517,-87.61883465,15,41.90332,-87.67273,15
6698,6/28/2013 17:09 GMT-0500,6/28/2013 17:26 GMT-0500,369,978,2,State St & Randolph St,33,Green St & Milwaukee Ave,Customer,,,41.8847302,-87.62773357,27,41.891733,-87.648727,19
6702,6/28/2013 17:11 GMT-0500,6/28/2013 17:33 GMT-0500,249,"1,335",51,McClurg Ct & Illinois St,51,McClurg Ct & Illinois St,Customer,,,41.89102,-87.6173,23,41.89102,-87.6173,23
6704,6/28/2013 17:12 GMT-0500,6/28/2013 17:42 GMT-0500,477,"1,827",43,Michigan Ave & Lake St,65,Damen Ave & Pierce Ave,Customer,,,41.88605812,-87.62428934,23,41.90939601,-87.67769193,19
6719,6/28/2013 17:16 GMT-0500,6/28/2013 17:24 GMT-0500,206,472,248,Ashland Ave & Augusta Blvd,65,Damen Ave & Pierce Ave,Customer,,,41.899643,-87.6677,15,41.90939601,-87.67769193,19
6724,6/28/2013 17:17 GMT-0500,6/28/2013 18:23 GMT-0500,226,"3,971",5,Clark St & Randolph St,300,Lake Shore Dr & Monroe St,Customer,,,41.88457623,-87.63188991,31,41.88105,-87.61697,11
6756,6/28/2013 17:23 GMT-0500,6/28/2013 17:46 GMT-0500,172,"1,395",106,McCormick Place,160,May St & Taylor St,Customer,,,41.85137517,-87.61883465,15,41.8694821,-87.6554864,15
6757,6/28/2013 17:23 GMT-0500,6/28/2013 18:23 GMT-0500,564,"3,579",5,Clark St & Randolph St,300,Lake Shore Dr & Monroe St,Customer,,,41.88457623,-87.63188991,31,41.88105,-87.61697,11
6775,6/28/2013 17:25 GMT-0500,6/28/2013 17:29 GMT-0500,123,226,138,Canal St & Jackson Blvd,301,Clinton St & Madison St,Customer,,,41.87811421,-87.63997112,35,41.8815824,-87.64127743,23
6778,6/28/2013 17:26 GMT-0500,6/28/2013 17:37 GMT-0500,620,644,246,Wood St & Division St,190,Sheffield Ave & Willow St,Customer,,,41.90332,-87.67273,15,41.913688,-87.652855,15
6788,6/28/2013 17:29 GMT-0500,6/28/2013 17:34 GMT-0500,300,294,76,Racine Ave & Congress Pkwy,76,Racine Ave & Congress Pkwy,Customer,,,41.87464,-87.65703,19,41.87464,-87.65703,19
6789,6/28/2013 17:29 GMT-0500,6/28/2013 17:42 GMT-0500,313,746,12,Larrabee St & Kingsbury St,42,Michigan Ave & Oak St,Customer,,,41.897764,-87.642884,27,41.90096039,-87.62377664,15
6792,6/28/2013 17:30 GMT-0500,6/28/2013 18:49 GMT-0500,541,"4,772",397,Kimbark Ave & 53rd St,51,McClurg Ct & Illinois St,Customer,,,41.799568,-87.594747,15,41.89102,-87.6173,23
6802,6/28/2013 17:33 GMT-0500,6/28/2013 17:55 GMT-0500,55,"1,295",138,Canal St & Jackson Blvd,31,Wabash Ave & Roosevelt Rd,Customer,,,41.87811421,-87.63997112,35,41.867173,-87.62595501,19
6803,6/28/2013 17:34 GMT-0500,6/28/2013 18:08 GMT-0500,160,"2,029",8,Millennium Park,51,McClurg Ct & Illinois St,Customer,,,41.8810317,-87.62408432,35,41.89102,-87.6173,23
6804,6/28/2013 17:34 GMT-0500,6/28/2013 18:08 GMT-0500,142,"2,046",298,Southport Ave & Wrightwood Ave,51,McClurg Ct & Illinois St,Customer,,,41.92888,-87.66317,15,41.89102,-87.6173,23
6805,6/28/2013 17:34 GMT-0500,6/28/2013 17:44 GMT-0500,129,591,246,Wood St & Division St,221,Wood St & Milwaukee Ave,Customer,,,41.90332,-87.67273,15,41.907655,-87.672552,15
6806,6/28/2013 17:34 GMT-0500,6/28/2013 18:40 GMT-0500,837,"3,972",106,McCormick Place,51,McClurg Ct & Illinois St,Customer,,,41.85137517,-87.61883465,15,41.89102,-87.6173,23
6807,6/28/2013 17:34 GMT-0500,6/28/2013 18:41 GMT-0500,222,"3,973",106,McCormick Place,51,McClurg Ct & Illinois St,Customer,,,41.85137517,-87.61883465,15,41.89102,-87.6173,23
6808,6/28/2013 17:35 GMT-0500,6/28/2013 17:54 GMT-0500,135,"1,162",138,Canal St & Jackson Blvd,148,State St & 16th St,Customer,,,41.87811421,-87.63997112,35,41.86012138,-87.62772919,15
6810,6/28/2013 17:34 GMT-0500,6/28/2013 18:08 GMT-0500,370,"2,017",8,Millennium Park,51,McClurg Ct & Illinois St,Customer,,,41.8810317,-87.62408432,35,41.89102,-87.6173,23
6815,6/28/2013 17:38 GMT-0500,6/28/2013 18:49 GMT-0500,914,"4,280",138,Canal St & Jackson Blvd,51,McClurg Ct & Illinois St,Customer,,,41.87811421,-87.63997112,35,41.89102,-87.6173,23
6818,6/28/2013 17:39 GMT-0500,6/28/2013 17:55 GMT-0500,89,980,2,State St & Randolph St,17,Franklin St & Chicago Ave,Customer,,,41.8847302,-87.62773357,27,41.89680204,-87.63563839,23
6835,6/28/2013 17:44 GMT-0500,6/28/2013 17:57 GMT-0500,145,781,43,Michigan Ave & Lake St,265,Kingsbury St & Erie St,Customer,,,41.88605812,-87.62428934,23,41.89384315,-87.64185116,23
6840,6/28/2013 17:47 GMT-0500,6/28/2013 18:03 GMT-0500,393,996,3,State St & Van Buren St,17,Franklin St & Chicago Ave,Customer,,,41.877181,-87.627844,27,41.89680204,-87.63563839,23
6841,6/28/2013 17:48 GMT-0500,6/28/2013 18:06 GMT-0500,138,"1,075",2,State St & Randolph St,23,Daley Center Plaza,Customer,,,41.8847302,-87.62773357,27,41.884337,-87.630183,47
6843,6/28/2013 17:49 GMT-0500,6/28/2013 18:08 GMT-0500,615,"1,111",38,Jefferson St & Monroe St,38,Jefferson St & Monroe St,Customer,,,41.880422,-87.642746,19,41.880422,-87.642746,19
6846,6/28/2013 17:49 GMT-0500,6/28/2013 18:08 GMT-0500,616,"1,105",38,Jefferson St & Monroe St,46,Wells St & Walton St,Customer,,,41.880422,-87.642746,19,41.89993001,-87.63443007,19
6847,6/28/2013 17:49 GMT-0500,6/28/2013 18:07 GMT-0500,122,"1,063",301,Clinton St & Madison St,19,Franklin St & Jackson Blvd,Customer,,,41.8815824,-87.64127743,23,41.87770796,-87.63532114,27
6848,6/28/2013 17:50 GMT-0500,6/28/2013 18:08 GMT-0500,561,"1,075",51,McClurg Ct & Illinois St,23,Daley Center Plaza,Customer,,,41.89102,-87.6173,23,41.884337,-87.630183,47
6849,6/28/2013 17:52 GMT-0500,6/28/2013 18:38 GMT-0500,606,"2,739",2,State St & Randolph St,327,Clinton St & Roosevelt Rd,Customer,,,41.8847302,-87.62773357,27,41.86711778,-87.64108796,15
6854,6/28/2013 17:54 GMT-0500,6/28/2013 18:16 GMT-0500,602,"1,281",221,Wood St & Milwaukee Ave,246,Wood St & Division St,Customer,,,41.907655,-87.672552,15,41.90332,-87.67273,15
6863,6/28/2013 17:59 GMT-0500,6/28/2013 18:40 GMT-0500,130,"2,469",265,Kingsbury St & Erie St,265,Kingsbury St & Erie St,Customer,,,41.89384315,-87.64185116,23,41.89384315,-87.64185116,23
6877,6/28/2013 18:04 GMT-0500,6/28/2013 18:53 GMT-0500,705,"2,940",5,Clark St & Randolph St,163,Morgan St & 18th St,Customer,,,41.88457623,-87.63188991,31,41.858086,-87.651073,15
6878,6/28/2013 18:04 GMT-0500,6/28/2013 19:14 GMT-0500,586,"4,198",146,Lincoln Ave & Armitage Ave,146,Lincoln Ave & Armitage Ave,Customer,,,41.918273,-87.638116,19,41.918273,-87.638116,19
6916,6/28/2013 18:09 GMT-0500,6/28/2013 18:54 GMT-0500,561,"2,661",23,Daley Center Plaza,163,Morgan St & 18th St,Customer,,,41.884337,-87.630183,47,41.858086,-87.651073,15
6917,6/28/2013 18:09 GMT-0500,6/28/2013 18:30 GMT-0500,142,"1,223",51,McClurg Ct & Illinois St,34,Michigan Ave & Pearson St,Customer,,,41.89102,-87.6173,23,41.89766,-87.62351,23
6922,6/28/2013 18:10 GMT-0500,6/28/2013 18:30 GMT-0500,505,"1,195",51,McClurg Ct & Illinois St,34,Michigan Ave & Pearson St,Customer,,,41.89102,-87.6173,23,41.89766,-87.62351,23
6928,6/28/2013 18:10 GMT-0500,6/28/2013 18:34 GMT-0500,138,"1,424",23,Daley Center Plaza,31,Wabash Ave & Roosevelt Rd,Customer,,,41.884337,-87.630183,47,41.867173,-87.62595501,19
6937,6/28/2013 18:12 GMT-0500,6/28/2013 18:30 GMT-0500,160,"1,060",51,McClurg Ct & Illinois St,34,Michigan Ave & Pearson St,Customer,,,41.89102,-87.6173,23,41.89766,-87.62351,23
6962,6/28/2013 18:15 GMT-0500,6/28/2013 18:56 GMT-0500,267,"2,466",23,Daley Center Plaza,164,Racine Ave & 18th St,Customer,,,41.884337,-87.630183,47,41.85818061,-87.65648665,15
6974,6/28/2013 18:17 GMT-0500,6/28/2013 18:20 GMT-0500,58,179,51,McClurg Ct & Illinois St,51,McClurg Ct & Illinois St,Customer,,,41.89102,-87.6173,23,41.89102,-87.6173,23
6979,6/28/2013 18:18 GMT-0500,6/28/2013 18:21 GMT-0500,169,174,246,Wood St & Division St,221,Wood St & Milwaukee Ave,Customer,,,41.90332,-87.67273,15,41.907655,-87.672552,15
6980,6/28/2013 18:18 GMT-0500,6/28/2013 18:56 GMT-0500,765,"2,283",51,McClurg Ct & Illinois St,51,McClurg Ct & Illinois St,Customer,,,41.89102,-87.6173,23,41.89102,-87.6173,23
6982,6/28/2013 18:20 GMT-0500,6/28/2013 18:28 GMT-0500,55,477,31,Wabash Ave & Roosevelt Rd,170,Wabash Ave & Cermak Rd,Customer,,,41.867173,-87.62595501,19,41.85323876,-87.62533709,15
6990,6/28/2013 18:22 GMT-0500,6/28/2013 18:57 GMT-0500,249,"2,079",51,McClurg Ct & Illinois St,51,McClurg Ct & Illinois St,Customer,,,41.89102,-87.6173,23,41.89102,-87.6173,23
6993,6/28/2013 18:22 GMT-0500,6/28/2013 18:57 GMT-0500,327,"2,089",51,McClurg Ct & Illinois St,51,McClurg Ct & Illinois St,Customer,,,41.89102,-87.6173,23,41.89102,-87.6173,23
7005,6/28/2013 18:25 GMT-0500,6/28/2013 19:00 GMT-0500,206,"2,097",65,Damen Ave & Pierce Ave,189,Racine Ave & Fullerton Ave,Customer,,,41.90939601,-87.67769193,19,41.92556258,-87.65840426,19
7007,6/28/2013 18:26 GMT-0500,6/28/2013 22:53 GMT-0500,305,"16,018",43,Michigan Ave & Lake St,248,Ashland Ave & Augusta Blvd,Customer,,,41.88605812,-87.62428934,23,41.899643,-87.6677,15
7015,6/28/2013 18:29 GMT-0500,6/28/2013 18:46 GMT-0500,313,"1,023",42,Michigan Ave & Oak St,124,Cannon Dr & Fullerton Ave,Customer,,,41.90096039,-87.62377664,15,41.92675599,-87.63442878,15
7048,6/28/2013 18:36 GMT-0500,6/28/2013 19:05 GMT-0500,245,"1,757",31,Wabash Ave & Roosevelt Rd,76,Racine Ave & Congress Pkwy,Customer,,,41.867173,-87.62595501,19,41.87464,-87.65703,19
7050,6/28/2013 18:37 GMT-0500,6/28/2013 18:58 GMT-0500,860,"1,266",12,Larrabee St & Kingsbury St,58,Dayton St & North Ave,Customer,,,41.897764,-87.642884,27,41.91057803,-87.64942193,19
7051,6/28/2013 18:37 GMT-0500,6/28/2013 19:51 GMT-0500,138,"4,471",31,Wabash Ave & Roosevelt Rd,27,Halsted St & Polk St,Customer,,,41.867173,-87.62595501,19,41.87184,-87.64664,19
7052,6/28/2013 18:37 GMT-0500,6/28/2013 19:51 GMT-0500,479,"4,451",31,Wabash Ave & Roosevelt Rd,49,Dearborn St & Monroe St,Customer,,,41.867173,-87.62595501,19,41.88131982,-87.62952092,23
7054,6/28/2013 18:37 GMT-0500,6/28/2013 19:35 GMT-0500,36,"3,485",43,Michigan Ave & Lake St,43,Michigan Ave & Lake St,Customer,,,41.88605812,-87.62428934,23,41.88605812,-87.62428934,23
7055,6/28/2013 18:38 GMT-0500,6/28/2013 19:36 GMT-0500,220,"3,452",43,Michigan Ave & Lake St,43,Michigan Ave & Lake St,Customer,,,41.88605812,-87.62428934,23,41.88605812,-87.62428934,23
7059,6/28/2013 18:38 GMT-0500,6/28/2013 19:06 GMT-0500,193,"1,707",157,Aberdeen St & Jackson Blvd,50,State St & Kinzie St,Customer,,,41.87772613,-87.65478743,15,41.88918,-87.6277,15
7062,6/28/2013 18:41 GMT-0500,6/28/2013 19:06 GMT-0500,101,"1,521",209,Clark St & Wrightwood Ave,65,Damen Ave & Pierce Ave,Customer,,,41.929546,-87.643118,15,41.90939601,-87.67769193,19
7063,6/28/2013 18:41 GMT-0500,6/28/2013 19:07 GMT-0500,349,"1,569",332,Loomis St & Lexington St,50,State St & Kinzie St,Customer,,,41.872187,-87.661501,15,41.88918,-87.6277,15
7072,6/28/2013 18:45 GMT-0500,6/28/2013 19:15 GMT-0500,164,"1,820",30,State St & Harrison St,300,Lake Shore Dr & Monroe St,Customer,,,41.87395806,-87.62773949,19,41.88105,-87.61697,11
7076,6/28/2013 18:46 GMT-0500,6/28/2013 19:37 GMT-0500,223,"3,027",43,Michigan Ave & Lake St,106,McCormick Place,Customer,,,41.88605812,-87.62428934,23,41.85137517,-87.61883465,15
7078,6/28/2013 18:47 GMT-0500,6/28/2013 19:00 GMT-0500,485,744,160,May St & Taylor St,164,Racine Ave & 18th St,Customer,,,41.8694821,-87.6554864,15,41.85818061,-87.65648665,15
7081,6/28/2013 18:49 GMT-0500,6/28/2013 21:05 GMT-0500,46,"8,149",166,Halsted St & James M Rochford St,327,Clinton St & Roosevelt Rd,Customer,,,41.865861,-87.646611,15,41.86711778,-87.64108796,15
7089,6/28/2013 18:52 GMT-0500,6/28/2013 19:17 GMT-0500,1,"1,539",106,McCormick Place,155,May St & Randolph St,Customer,,,41.85137517,-87.61883465,15,41.88397,-87.655688,15
7091,6/28/2013 18:52 GMT-0500,6/28/2013 19:29 GMT-0500,351,"2,229",42,Michigan Ave & Oak St,42,Michigan Ave & Oak St,Customer,,,41.90096039,-87.62377664,15,41.90096039,-87.62377664,15
7099,6/28/2013 18:55 GMT-0500,6/28/2013 19:27 GMT-0500,390,"1,929",163,Morgan St & 18th St,21,Clinton St & Lake St,Customer,,,41.858086,-87.651073,15,41.88583274,-87.64138231,19
7102,6/28/2013 18:55 GMT-0500,6/28/2013 21:18 GMT-0500,561,"8,586",163,Morgan St & 18th St,246,Wood St & Division St,Customer,,,41.858086,-87.651073,15,41.90332,-87.67273,15
7112,6/28/2013 18:56 GMT-0500,6/28/2013 19:10 GMT-0500,309,801,301,Clinton St & Madison St,290,Noble St & Milwaukee Ave,Customer,,,41.8815824,-87.64127743,23,41.90068,-87.6626,15
7120,6/28/2013 18:57 GMT-0500,6/28/2013 19:21 GMT-0500,333,"1,436",42,Michigan Ave & Oak St,42,Michigan Ave & Oak St,Customer,,,41.90096039,-87.62377664,15,41.90096039,-87.62377664,15
7127,6/28/2013 18:58 GMT-0500,6/28/2013 23:36 GMT-0500,267,"16,650",164,Racine Ave & 18th St,290,Noble St & Milwaukee Ave,Customer,,,41.85818061,-87.65648665,15,41.90068,-87.6626,15
7128,6/28/2013 18:58 GMT-0500,6/28/2013 19:21 GMT-0500,893,"1,392",42,Michigan Ave & Oak St,42,Michigan Ave & Oak St,Customer,,,41.90096039,-87.62377664,15,41.90096039,-87.62377664,15
7136,6/28/2013 18:59 GMT-0500,6/28/2013 19:22 GMT-0500,405,"1,357",290,Noble St & Milwaukee Ave,60,Sheffield Ave & Fullerton Ave,Customer,,,41.90068,-87.6626,15,41.92560188,-87.65370804,15
7146,6/28/2013 19:01 GMT-0500,6/28/2013 19:11 GMT-0500,435,636,3,State St & Van Buren St,157,Aberdeen St & Jackson Blvd,Customer,,,41.877181,-87.627844,27,41.87772613,-87.65478743,15
7151,6/28/2013 19:04 GMT-0500,6/28/2013 19:20 GMT-0500,419,989,31,Wabash Ave & Roosevelt Rd,163,Morgan St & 18th St,Customer,,,41.867173,-87.62595501,19,41.858086,-87.651073,15
7153,6/28/2013 19:06 GMT-0500,6/28/2013 19:47 GMT-0500,300,"2,444",76,Racine Ave & Congress Pkwy,139,Loomis St & Taylor St,Customer,,,41.87464,-87.65703,19,41.869417,-87.660996,15
7157,6/28/2013 19:09 GMT-0500,6/28/2013 19:44 GMT-0500,270,"2,112",166,Halsted St & James M Rochford St,34,Michigan Ave & Pearson St,Customer,,,41.865861,-87.646611,15,41.89766,-87.62351,23
7164,6/28/2013 19:11 GMT-0500,6/28/2013 19:47 GMT-0500,253,"2,193",148,State St & 16th St,39,Desplaines St & Kinzie St,Customer,,,41.86012138,-87.62772919,15,41.88871604,-87.64444785,19
7165,6/28/2013 19:11 GMT-0500,6/28/2013 19:47 GMT-0500,816,"2,150",148,State St & 16th St,39,Desplaines St & Kinzie St,Customer,,,41.86012138,-87.62772919,15,41.88871604,-87.64444785,19
7178,6/28/2013 19:13 GMT-0500,6/28/2013 19:18 GMT-0500,149,315,155,May St & Randolph St,155,May St & Randolph St,Customer,,,41.88397,-87.655688,15,41.88397,-87.655688,15
7184,6/28/2013 19:13 GMT-0500,6/28/2013 19:23 GMT-0500,283,566,50,State St & Kinzie St,12,Larrabee St & Kingsbury St,Customer,,,41.88918,-87.6277,15,41.897764,-87.642884,27
7193,6/28/2013 19:17 GMT-0500,6/28/2013 19:44 GMT-0500,206,"1,622",189,Racine Ave & Fullerton Ave,189,Racine Ave & Fullerton Ave,Customer,,,41.92556258,-87.65840426,19,41.92556258,-87.65840426,19
7194,6/28/2013 19:20 GMT-0500,6/28/2013 19:45 GMT-0500,69,"1,473",189,Racine Ave & Fullerton Ave,189,Racine Ave & Fullerton Ave,Customer,,,41.92556258,-87.65840426,19,41.92556258,-87.65840426,19
7198,6/28/2013 19:23 GMT-0500,6/28/2013 19:49 GMT-0500,463,"1,571",413,Halsted St & 35th St,42,Michigan Ave & Oak St,Customer,,,41.830661,-87.647172,15,41.90096039,-87.62377664,15
7200,6/28/2013 19:23 GMT-0500,6/28/2013 19:45 GMT-0500,523,"1,304",189,Racine Ave & Fullerton Ave,189,Racine Ave & Fullerton Ave,Customer,,,41.92556258,-87.65840426,19,41.92556258,-87.65840426,19
7201,6/28/2013 19:23 GMT-0500,6/28/2013 19:51 GMT-0500,382,"1,646",42,Michigan Ave & Oak St,42,Michigan Ave & Oak St,Customer,,,41.90096039,-87.62377664,15,41.90096039,-87.62377664,15
7208,6/28/2013 19:27 GMT-0500,6/28/2013 19:47 GMT-0500,469,"1,233",146,Lincoln Ave & Armitage Ave,65,Damen Ave & Pierce Ave,Customer,,,41.918273,-87.638116,19,41.90939601,-87.67769193,19
7210,6/28/2013 19:27 GMT-0500,6/28/2013 20:21 GMT-0500,465,"3,239",138,Canal St & Jackson Blvd,50,State St & Kinzie St,Customer,,,41.87811421,-87.63997112,35,41.88918,-87.6277,15
7211,6/28/2013 19:27 GMT-0500,6/28/2013 19:49 GMT-0500,912,"1,296",21,Clinton St & Lake St,146,Lincoln Ave & Armitage Ave,Customer,,,41.88583274,-87.64138231,19,41.918273,-87.638116,19
7213,6/28/2013 19:30 GMT-0500,6/28/2013 19:46 GMT-0500,149,983,155,May St & Randolph St,246,Wood St & Division St,Customer,,,41.88397,-87.655688,15,41.90332,-87.67273,15
7216,6/28/2013 19:31 GMT-0500,6/28/2013 20:20 GMT-0500,412,"2,951",138,Canal St & Jackson Blvd,50,State St & Kinzie St,Customer,,,41.87811421,-87.63997112,35,41.88918,-87.6277,15
7217,6/28/2013 19:32 GMT-0500,6/28/2013 19:40 GMT-0500,283,484,12,Larrabee St & Kingsbury St,17,Franklin St & Chicago Ave,Customer,,,41.897764,-87.642884,27,41.89680204,-87.63563839,23
7226,6/28/2013 19:35 GMT-0500,6/28/2013 19:41 GMT-0500,122,363,19,Franklin St & Jackson Blvd,3,State St & Van Buren St,Customer,,,41.87770796,-87.63532114,27,41.877181,-87.627844,27
7227,6/28/2013 19:35 GMT-0500,6/28/2013 20:17 GMT-0500,347,"2,528",139,Loomis St & Taylor St,139,Loomis St & Taylor St,Customer,,,41.869417,-87.660996,15,41.869417,-87.660996,15
7228,6/28/2013 19:35 GMT-0500,6/28/2013 20:43 GMT-0500,330,"4,070",38,Jefferson St & Monroe St,166,Halsted St & James M Rochford St,Customer,,,41.880422,-87.642746,19,41.865861,-87.646611,15
7232,6/28/2013 19:38 GMT-0500,6/28/2013 20:17 GMT-0500,389,"2,297",210,Halsted St & Wrightwood Ave,139,Loomis St & Taylor St,Customer,,,41.929143,-87.649077,15,41.869417,-87.660996,15
7243,6/28/2013 19:41 GMT-0500,6/28/2013 20:10 GMT-0500,628,"1,717",248,Ashland Ave & Augusta Blvd,414,Halsted St & 37th St,Customer,,,41.899643,-87.6677,15,41.827071,-87.645801,11
7245,6/28/2013 19:42 GMT-0500,6/28/2013 21:03 GMT-0500,535,"4,896",42,Michigan Ave & Oak St,42,Michigan Ave & Oak St,Customer,,,41.90096039,-87.62377664,15,41.90096039,-87.62377664,15
7258,6/28/2013 19:45 GMT-0500,6/28/2013 19:59 GMT-0500,393,802,17,Franklin St & Chicago Ave,248,Ashland Ave & Augusta Blvd,Customer,,,41.89680204,-87.63563839,23,41.899643,-87.6677,15
7273,6/28/2013 19:49 GMT-0500,6/28/2013 20:07 GMT-0500,485,"1,090",164,Racine Ave & 18th St,44,Ogden Ave & Chicago Ave,Customer,,,41.85818061,-87.65648665,15,41.89636246,-87.65406127,19
7278,6/28/2013 19:49 GMT-0500,6/28/2013 20:16 GMT-0500,270,"1,576",34,Michigan Ave & Pearson St,300,Lake Shore Dr & Monroe St,Customer,,,41.89766,-87.62351,23,41.88105,-87.61697,11
7279,6/28/2013 19:49 GMT-0500,6/28/2013 20:06 GMT-0500,471,965,157,Aberdeen St & Jackson Blvd,3,State St & Van Buren St,Customer,,,41.87772613,-87.65478743,15,41.877181,-87.627844,27
7290,6/28/2013 19:56 GMT-0500,6/28/2013 20:22 GMT-0500,220,"1,570",43,Michigan Ave & Lake St,37,Clinton St & Tilden St,Customer,,,41.88605812,-87.62428934,23,41.875885,-87.640795,23
7303,6/28/2013 20:00 GMT-0500,6/28/2013 20:02 GMT-0500,350,108,72,Morgan St & Lake St,72,Morgan St & Lake St,Customer,,,41.88548331,-87.65230486,15,41.88548331,-87.65230486,15
7309,6/28/2013 20:01 GMT-0500,6/28/2013 20:33 GMT-0500,458,"1,939",17,Franklin St & Chicago Ave,246,Wood St & Division St,Customer,,,41.89680204,-87.63563839,23,41.90332,-87.67273,15
7314,6/28/2013 20:04 GMT-0500,6/28/2013 20:20 GMT-0500,599,979,170,Wabash Ave & Cermak Rd,3,State St & Van Buren St,Customer,,,41.85323876,-87.62533709,15,41.877181,-87.627844,27
7316,6/28/2013 20:05 GMT-0500,6/28/2013 20:20 GMT-0500,154,924,170,Wabash Ave & Cermak Rd,3,State St & Van Buren St,Customer,,,41.85323876,-87.62533709,15,41.877181,-87.627844,27
7317,6/28/2013 20:06 GMT-0500,6/28/2013 20:36 GMT-0500,178,"1,799",17,Franklin St & Chicago Ave,25,Ashland Ave & Armitage Ave,Customer,,,41.89680204,-87.63563839,23,41.91785887,-87.668919,15
7318,6/28/2013 20:07 GMT-0500,6/28/2013 21:19 GMT-0500,858,"4,331",164,Racine Ave & 18th St,164,Racine Ave & 18th St,Customer,,,41.85818061,-87.65648665,15,41.85818061,-87.65648665,15
7319,6/28/2013 20:07 GMT-0500,6/28/2013 20:18 GMT-0500,356,687,10,Clinton St & Washington Blvd,20,Dearborn St & Adams St,Customer,,,41.88338,-87.64117,31,41.87935636,-87.62979104,19
7320,6/28/2013 20:07 GMT-0500,6/28/2013 20:18 GMT-0500,527,679,10,Clinton St & Washington Blvd,20,Dearborn St & Adams St,Customer,,,41.88338,-87.64117,31,41.87935636,-87.62979104,19
7322,6/28/2013 20:08 GMT-0500,6/28/2013 20:37 GMT-0500,181,"1,700",38,Jefferson St & Monroe St,25,Ashland Ave & Armitage Ave,Customer,,,41.880422,-87.642746,19,41.91785887,-87.668919,15
7323,6/28/2013 20:08 GMT-0500,6/28/2013 20:37 GMT-0500,420,"1,742",17,Franklin St & Chicago Ave,25,Ashland Ave & Armitage Ave,Customer,,,41.89680204,-87.63563839,23,41.91785887,-87.668919,15
7324,6/28/2013 20:10 GMT-0500,6/28/2013 20:26 GMT-0500,442,"1,004",43,Michigan Ave & Lake St,8,Millennium Park,Customer,,,41.88605812,-87.62428934,23,41.8810317,-87.62408432,35
7326,6/28/2013 20:11 GMT-0500,6/28/2013 20:37 GMT-0500,127,"1,567",17,Franklin St & Chicago Ave,25,Ashland Ave & Armitage Ave,Customer,,,41.89680204,-87.63563839,23,41.91785887,-87.668919,15
7327,6/28/2013 20:11 GMT-0500,6/28/2013 20:36 GMT-0500,286,"1,521",17,Franklin St & Chicago Ave,25,Ashland Ave & Armitage Ave,Customer,,,41.89680204,-87.63563839,23,41.91785887,-87.668919,15
7328,6/28/2013 20:11 GMT-0500,6/28/2013 20:48 GMT-0500,914,"2,251",51,McClurg Ct & Illinois St,51,McClurg Ct & Illinois St,Customer,,,41.89102,-87.6173,23,41.89102,-87.6173,23
7330,6/28/2013 20:11 GMT-0500,6/28/2013 20:48 GMT-0500,837,"2,190",51,McClurg Ct & Illinois St,51,McClurg Ct & Illinois St,Customer,,,41.89102,-87.6173,23,41.89102,-87.6173,23
7333,6/28/2013 20:13 GMT-0500,6/28/2013 20:27 GMT-0500,36,783,43,Michigan Ave & Lake St,8,Millennium Park,Customer,,,41.88605812,-87.62428934,23,41.8810317,-87.62408432,35
7336,6/28/2013 20:16 GMT-0500,6/28/2013 20:42 GMT-0500,538,"1,605",17,Franklin St & Chicago Ave,19,Franklin St & Jackson Blvd,Customer,,,41.89680204,-87.63563839,23,41.87770796,-87.63532114,27
7337,6/28/2013 20:16 GMT-0500,6/28/2013 20:42 GMT-0500,622,"1,566",17,Franklin St & Chicago Ave,19,Franklin St & Jackson Blvd,Customer,,,41.89680204,-87.63563839,23,41.87770796,-87.63532114,27
7338,6/28/2013 20:17 GMT-0500,6/28/2013 20:26 GMT-0500,842,543,43,Michigan Ave & Lake St,8,Millennium Park,Customer,,,41.88605812,-87.62428934,23,41.8810317,-87.62408432,35
7339,6/28/2013 20:18 GMT-0500,6/28/2013 20:40 GMT-0500,270,"1,279",300,Lake Shore Dr & Monroe St,327,Clinton St & Roosevelt Rd,Customer,,,41.88105,-87.61697,11,41.86711778,-87.64108796,15
7343,6/28/2013 20:22 GMT-0500,6/28/2013 20:41 GMT-0500,764,"1,150",170,Wabash Ave & Cermak Rd,170,Wabash Ave & Cermak Rd,Customer,,,41.85323876,-87.62533709,15,41.85323876,-87.62533709,15
7344,6/28/2013 20:23 GMT-0500,6/28/2013 20:33 GMT-0500,154,625,3,State St & Van Buren St,5,Clark St & Randolph St,Customer,,,41.877181,-87.627844,27,41.88457623,-87.63188991,31
7346,6/28/2013 20:25 GMT-0500,6/28/2013 20:41 GMT-0500,850,952,170,Wabash Ave & Cermak Rd,170,Wabash Ave & Cermak Rd,Customer,,,41.85323876,-87.62533709,15,41.85323876,-87.62533709,15
7347,6/28/2013 20:25 GMT-0500,6/28/2013 21:01 GMT-0500,223,"2,145",106,McCormick Place,40,Michigan Ave & Congress Pkwy,Customer,,,41.85137517,-87.61883465,15,41.8760656,-87.62443336,15
7384,6/28/2013 20:40 GMT-0500,6/28/2013 20:51 GMT-0500,471,671,3,State St & Van Buren St,31,Wabash Ave & Roosevelt Rd,Customer,,,41.877181,-87.627844,27,41.867173,-87.62595501,19
7385,6/28/2013 20:40 GMT-0500,6/28/2013 20:51 GMT-0500,440,663,3,State St & Van Buren St,31,Wabash Ave & Roosevelt Rd,Customer,,,41.877181,-87.627844,27,41.867173,-87.62595501,19
7386,6/28/2013 20:41 GMT-0500,6/28/2013 20:43 GMT-0500,270,164,327,Clinton St & Roosevelt Rd,166,Halsted St & James M Rochford St,Customer,,,41.86711778,-87.64108796,15,41.865861,-87.646611,15
7387,6/28/2013 20:42 GMT-0500,6/28/2013 20:52 GMT-0500,850,578,170,Wabash Ave & Cermak Rd,27,Halsted St & Polk St,Customer,,,41.85323876,-87.62533709,15,41.87184,-87.64664,19
7388,6/28/2013 20:42 GMT-0500,6/28/2013 20:52 GMT-0500,764,571,170,Wabash Ave & Cermak Rd,388,Montrose Harbor,Customer,,,41.85323876,-87.62533709,15,41.963982,-87.638181,15
7404,6/28/2013 20:46 GMT-0500,6/28/2013 22:26 GMT-0500,110,"5,986",164,Racine Ave & 18th St,164,Racine Ave & 18th St,Customer,,,41.85818061,-87.65648665,15,41.85818061,-87.65648665,15
7412,6/28/2013 20:51 GMT-0500,6/28/2013 20:58 GMT-0500,607,414,246,Wood St & Division St,65,Damen Ave & Pierce Ave,Customer,,,41.90332,-87.67273,15,41.90939601,-87.67769193,19
7418,6/28/2013 20:55 GMT-0500,6/28/2013 21:04 GMT-0500,20,550,21,Clinton St & Lake St,265,Kingsbury St & Erie St,Customer,,,41.88583274,-87.64138231,19,41.89384315,-87.64185116,23
7419,6/28/2013 20:56 GMT-0500,6/28/2013 21:03 GMT-0500,390,465,21,Clinton St & Lake St,265,Kingsbury St & Erie St,Customer,,,41.88583274,-87.64138231,19,41.89384315,-87.64185116,23
7420,6/28/2013 20:58 GMT-0500,6/28/2013 21:12 GMT-0500,850,800,27,Halsted St & Polk St,106,McCormick Place,Customer,,,41.87184,-87.64664,19,41.85137517,-87.61883465,15
7421,6/28/2013 20:58 GMT-0500,6/28/2013 21:12 GMT-0500,764,798,388,Montrose Harbor,106,McCormick Place,Customer,,,41.963982,-87.638181,15,41.85137517,-87.61883465,15
7423,6/28/2013 21:02 GMT-0500,6/28/2013 21:29 GMT-0500,169,"1,613",58,Dayton St & North Ave,290,Noble St & Milwaukee Ave,Customer,,,41.91057803,-87.64942193,19,41.90068,-87.6626,15
7424,6/28/2013 21:02 GMT-0500,6/28/2013 21:29 GMT-0500,137,"1,624",58,Dayton St & North Ave,290,Noble St & Milwaukee Ave,Customer,,,41.91057803,-87.64942193,19,41.90068,-87.6626,15
7425,6/28/2013 21:03 GMT-0500,6/28/2013 21:12 GMT-0500,914,532,51,McClurg Ct & Illinois St,34,Michigan Ave & Pearson St,Customer,,,41.89102,-87.6173,23,41.89766,-87.62351,23
7426,6/28/2013 21:03 GMT-0500,6/28/2013 21:13 GMT-0500,837,602,51,McClurg Ct & Illinois St,34,Michigan Ave & Pearson St,Customer,,,41.89102,-87.6173,23,41.89766,-87.62351,23
7432,6/28/2013 21:13 GMT-0500,6/28/2013 21:18 GMT-0500,389,328,139,Loomis St & Taylor St,160,May St & Taylor St,Customer,,,41.869417,-87.660996,15,41.8694821,-87.6554864,15
7439,6/28/2013 21:21 GMT-0500,6/28/2013 21:53 GMT-0500,561,"1,885",246,Wood St & Division St,246,Wood St & Division St,Customer,,,41.90332,-87.67273,15,41.90332,-87.67273,15
7440,6/28/2013 21:21 GMT-0500,6/28/2013 22:20 GMT-0500,463,"3,545",42,Michigan Ave & Oak St,43,Michigan Ave & Lake St,Customer,,,41.90096039,-87.62377664,15,41.88605812,-87.62428934,23
7441,6/28/2013 21:22 GMT-0500,6/28/2013 22:21 GMT-0500,132,"3,521",42,Michigan Ave & Oak St,43,Michigan Ave & Lake St,Customer,,,41.90096039,-87.62377664,15,41.88605812,-87.62428934,23
7445,6/28/2013 21:23 GMT-0500,6/28/2013 21:33 GMT-0500,202,608,160,May St & Taylor St,139,Loomis St & Taylor St,Customer,,,41.8694821,-87.6554864,15,41.869417,-87.660996,15
7447,6/28/2013 21:24 GMT-0500,6/28/2013 21:32 GMT-0500,854,441,170,Wabash Ave & Cermak Rd,31,Wabash Ave & Roosevelt Rd,Customer,,,41.85323876,-87.62533709,15,41.867173,-87.62595501,19
7448,6/28/2013 21:26 GMT-0500,6/29/2013 18:38 GMT-0500,336,"76,345",160,May St & Taylor St,160,May St & Taylor St,Customer,,,41.8694821,-87.6554864,15,41.8694821,-87.6554864,15
7464,6/28/2013 21:43 GMT-0500,6/28/2013 22:01 GMT-0500,212,"1,060",164,Racine Ave & 18th St,157,Aberdeen St & Jackson Blvd,Customer,,,41.85818061,-87.65648665,15,41.87772613,-87.65478743,15
7467,6/28/2013 21:48 GMT-0500,6/28/2013 22:04 GMT-0500,356,968,2,State St & Randolph St,388,Montrose Harbor,Customer,,,41.8847302,-87.62773357,27,41.963982,-87.638181,15
7468,6/28/2013 21:52 GMT-0500,6/28/2013 22:01 GMT-0500,607,514,65,Damen Ave & Pierce Ave,248,Ashland Ave & Augusta Blvd,Customer,,,41.90939601,-87.67769193,19,41.899643,-87.6677,15
7469,6/28/2013 21:54 GMT-0500,6/28/2013 22:27 GMT-0500,561,"2,018",246,Wood St & Division St,221,Wood St & Milwaukee Ave,Customer,,,41.90332,-87.67273,15,41.907655,-87.672552,15
7470,6/28/2013 21:55 GMT-0500,6/28/2013 22:12 GMT-0500,143,997,65,Damen Ave & Pierce Ave,65,Damen Ave & Pierce Ave,Customer,,,41.90939601,-87.67769193,19,41.90939601,-87.67769193,19
7471,6/28/2013 21:56 GMT-0500,6/28/2013 22:12 GMT-0500,101,999,65,Damen Ave & Pierce Ave,65,Damen Ave & Pierce Ave,Customer,,,41.90939601,-87.67769193,19,41.90939601,-87.67769193,19
7472,6/28/2013 21:56 GMT-0500,6/28/2013 22:07 GMT-0500,270,662,166,Halsted St & James M Rochford St,76,Racine Ave & Congress Pkwy,Customer,,,41.865861,-87.646611,15,41.87464,-87.65703,19
7473,6/28/2013 21:58 GMT-0500,6/28/2013 22:14 GMT-0500,229,962,262,Fairbanks Ct & Grand Ave,38,Jefferson St & Monroe St,Customer,,,41.89186,-87.62062,15,41.880422,-87.642746,19
